geoid,1km_population,1km_area,1km_lived_cells,1km_lived_density,1km_gini_index,1km_density,1km_arithmetic_pwd,1km_geometric_pwd,5km_population,5km_area,5km_lived_cells,5km_lived_density,5km_gini_index,5km_density,5km_arithmetic_pwd,5km_geometric_pwd,10km_population,10km_area,10km_lived_cells,10km_lived_density,10km_gini_index,10km_density,10km_arithmetic_pwd,10km_geometric_pwd
ABW,111215.0,178.61241698265076,90.65420560747664,686.854049826246,0.8027893684214228,622.6610774255561,4111.662191244449,2474.6601491654524,109181.0,166.0,100.0,657.7168674698795,0.6996906840059076,657.7168674698795,2458.981762064916,1579.0380984059623,93170.0,155.0,100.0,601.0967741935484,0.5282709026488,601.0967741935484,1210.323154059493,995.3803864290716
AFG,32711120.0,641850.892537117,54.37263788132827,94.35533933732341,0.9204762143556168,50.96373687461746,9891.92331325142,994.374271516775,32711125.0,641144.0,87.45240944196672,58.25885741051758,0.840651641852331,51.01993467926082,5137.426243761322,451.6284601340556,32711051.0,641774.0,95.20964472420783,53.39350614797247,0.8017911594674991,50.969735452043864,3635.5968191972743,337.16921050246856
AGO,24962877.0,1246634.8089587688,82.45591617684642,24.262062539039174,0.8782686247636889,20.024209833230817,14983.464522565968,752.350188137046,24962862.0,1248989.0,97.68718279356577,20.39607812697881,0.8307920898442833,19.986454644516485,9768.899538219228,409.64585486304804,24962752.0,1246676.0,98.51982263954096,20.240288003113548,0.8083112536961929,20.023447952796076,6432.710753677244,305.4965862682572
AIA,14642.0,73.09956920146942,96.66666666666667,207.20624452547986,0.5906023763614656,200.3021380282727,547.3511368389367,375.7044138519135,14228.0,74.0,80.0,209.23529411764707,0.5399212819412481,192.27027027027026,251.89129662785024,230.8553700964912,14228.0,73.0,80.0,200.3943661971831,0.6714084902772206,194.9041095890411,226.45308702714522,221.97458996475083
ALA,27171.0,1409.1932843327522,61.14803625377644,31.518466600067036,0.8959965426344488,19.281244313384143,595.8334128441946,217.18300880569006,27154.0,1474.0,84.04255319148936,19.6768115942029,0.8703115449572536,18.421981004070556,291.0523207591227,92.23558240541428,27170.0,1479.0,87.93103448275862,18.71212121212121,0.8755339937627332,18.37052062204192,199.71885440355467,71.29235318743103
ALB,3023537.0,28553.409494817257,75.81216841629981,139.79091859893398,0.8954839168155752,105.89057676452977,8454.689268526368,1556.4963361743362,3021875.0,28393.0,97.04329461457233,108.38474229762204,0.8064028480661359,106.43028211178812,2803.355946478313,626.7444380838249,3021875.0,28581.0,98.63013698630137,106.20584824095877,0.7651762363749448,105.7302053811973,1534.4692313528117,427.88502186511187
AND,85571.0,450.35390216112137,50.42016806722689,376.8207882739881,0.9453973001305749,190.0083458572667,5888.904449850822,3000.704690136002,85429.0,446.0,76.31578947368422,219.04871794871795,0.8293951086128879,191.54484304932734,972.6095910757873,637.9282172711705,83163.0,377.0,100.0,220.59151193633951,0.7128185010092197,220.59151193633951,716.0189383481871,495.01550974219526
ARE,5723585.0,70740.89962220192,21.02447919544676,386.94521203147735,0.9842363240437749,80.90913503457428,9677.087792007176,4734.790045719881,5723584.0,71676.0,43.83946830265849,187.14308134972535,0.9717212448273694,79.85356325687818,5926.140652117184,2886.0579077179636,5469039.0,70833.0,55.44933078393881,142.20809714493734,0.963064227759753,77.21032569565033,4620.4990666298645,2225.953177040558
ARG,43526005.0,2768730.671987891,38.39490013089398,39.58463977622834,0.9725423744700709,15.720563014801737,6967.079637042348,1983.2850205148993,43525739.0,2769364.0,68.58472630305424,22.2859314541957,0.9572059612659327,15.716871816055962,4570.608006145353,1064.5960594091205,43501911.0,2770885.0,81.58908116012674,18.814208125304905,0.944295557361366,15.699645059250024,3694.925402096052,730.5539818949428
ARM,3062127.0,29560.384959757328,62.75895578426609,165.268599784528,0.9447288390404271,103.58887423721623,8642.99542469299,2305.59982653427,3062086.0,29206.0,93.75634517766498,110.50472753518585,0.8663515582169484,104.84441553105526,4481.5984132740405,1003.1754061226094,3059277.0,29520.0,96.46182495344506,105.59426342675687,0.8206945725251706,103.63404471544716,3563.1887286597944,691.2667481854301
ASM,50001.0,198.02572971582413,66.10878661087865,381.96837963660585,0.7778848603410062,252.49749147120272,1118.222384692804,849.2539973257554,50001.0,221.0,83.87096774193549,265.96276595744683,0.7889816396731283,226.24886877828055,548.9429509027348,444.78290007309926,50001.0,222.0,100.0,225.22972972972974,0.7168073305028533,225.22972972972974,462.246675840311,385.59827797352847
ATF,0.0,7432.525699317455,0.0,,0.0,0.0,0.0,1.0,0.0,7779.0,0.0,,-2.8294806724257115e-17,0.0,0.0,1.0,0.0,7779.0,0.0,,0.0,0.0,0.0,1.0
ATG,88751.0,426.21290242671967,67.81609195402298,306.81396368953307,0.83724781034654,208.2316126393177,1843.831435324284,1016.6888560885862,88751.0,431.0,78.57142857142857,245.1685082872928,0.7799442635019049,205.9187935034803,755.6678021105795,491.7161735563034,88751.0,432.0,82.35294117647058,218.06142506142507,0.774749182595861,205.44212962962962,433.6395933159519,361.8005194167976
AUS,22541286.0,7663423.422457993,5.985370990162093,51.52300223629739,0.9963581918139237,2.941412050121332,2147.801936161729,1100.485006363946,22541246.0,7672577.0,21.31838000074108,14.236597401301433,0.9924771771821711,2.937897658114086,1518.0513479787553,647.2673838512461,22541254.0,7673585.0,33.687832342821395,8.916451876781016,0.9894043019948465,2.9375127792290043,1290.7456772248777,492.4272182808077
AUT,8662538.0,83361.16568338871,70.109535323583,148.5285376068108,0.9025929504628282,103.9157493658486,3488.6283770901937,1114.0689030959147,8662543.0,83260.0,96.8817026893252,106.36064829025723,0.7935648019039792,104.04207302426136,2258.3763786215986,543.2871856177663,8662495.0,83360.0,98.74213836477988,104.06024385849,0.7356352801774801,103.91668666026871,1576.710990489159,390.90265218737784
AZE,9741546.0,85836.5912759304,83.04315085685599,136.5231090871747,0.9040629451085624,113.48943213139505,5010.694380649156,1345.7233949634121,9741593.0,85217.0,95.77464788732394,117.968381409092,0.803997292293814,114.31513665113768,2830.652376004081,627.8552335287922,9741593.0,85860.0,97.93333333333332,114.34465637654792,0.7495776329279582,113.45903796878639,1552.7495447284164,439.24283122651974
BDI,10744974.0,26930.083737134933,92.18948035487959,432.78195528124064,0.5911328601126732,398.99519455200726,2672.8903074271375,863.4576850356405,10741812.0,26525.0,94.22649888971134,427.26271826896306,0.4752868335367354,404.96934967012254,1152.6813051115303,611.5396909588586,10731902.0,26626.0,95.29085872576178,414.5992659841607,0.4462657617481525,403.0609930143469,841.3440889501865,542.3250670188072
BEL,11325052.0,30523.79273968935,91.98519467577763,403.7242133764549,0.7495748987837937,371.0237484765223,3027.64267522349,1272.469220937686,11325003.0,30760.0,99.37578027465668,369.15714844513985,0.6184165832987555,368.17304941482445,2025.0700336685054,815.771958090161,11325003.0,30541.0,99.53488372093024,371.01962390250293,0.5923885529652111,370.81310369667005,1556.9332725585266,705.9484086747107
BEN,10435619.0,115370.00072211027,98.81483536946028,91.53543484135898,0.862391783335042,90.45348820908907,5946.17994647653,1004.490604903522,10430502.0,115044.0,99.94736842105263,90.69922870235911,0.7819505606318692,90.66532804839888,2495.0458070722916,488.07718565492615,10430502.0,115409.0,100.0,90.3785839925829,0.7435846941924968,90.3785839925829,1364.0039361993101,356.306814629694
BES,22588.0,318.3263650536537,69.3717277486911,102.29451313624165,0.8965252349759851,70.95862133880367,999.6727039858025,574.0826625557235,22558.0,322.0,96.42857142857143,70.27414330218069,0.7931205906327488,70.05590062111801,274.88585266291807,203.4261634424805,18728.0,280.0,100.0,66.88571428571429,0.606056291204441,66.88571428571429,121.72197877154672,104.7031828499636
BFA,18959982.0,273276.6533751488,96.72399196814152,71.73037716084853,0.7322689374534533,69.38017487345365,4121.233780085592,400.09194963411363,18959982.0,274820.0,99.9925617375781,68.99104862126934,0.5954593105767506,68.99054653955316,1911.8898778600596,189.30209799569027,18959982.0,273416.0,100.0,69.34481522661439,0.5449067948222069,69.34481522661439,1231.1044602225088,156.65574609051498
BGD,168720266.0,137964.36819183826,96.9219083034783,1261.9900930358328,0.6362460451062236,1222.9263846256008,11749.653883942437,3148.904452073279,168720191.0,139117.0,99.62293589910286,1213.7095430610307,0.5093566679820843,1212.79348318322,5922.576664594217,2113.290843320465,168712535.0,138999.0,99.80295566502463,1213.9077081369664,0.482046955711348,1213.7679767480342,4948.996665571311,1905.116886100203
BGR,7187936.0,111035.29010677338,61.341854843731426,105.4978793627254,0.9459215643090476,64.73559886309984,5241.599986411709,1496.540688320684,7187825.0,112097.0,94.85885722078277,67.12261287762058,0.8188071112105618,64.1214751509853,2314.5021676077786,497.4538300468257,7187678.0,110998.0,99.05163329820864,65.04391656486132,0.7365703674792085,64.75502261302006,1246.9932447798124,297.28832082644885
BHR,1208675.0,703.9790468811989,72.48908296943232,2369.6653639336637,0.7891655700188716,1716.9189983064537,8222.193874809735,6104.533985761254,1208675.0,707.0,84.84848484848484,1814.8273273273273,0.7930226249462322,1709.5827439886846,6013.6295148779745,4655.3948039344605,1208404.0,680.0,95.0,1784.9394387001478,0.7480897117176902,1777.0647058823529,5449.2255044007225,4337.434076514521
BHS,310086.0,12732.309424042702,21.710647156064407,112.98829335896481,0.9809150201196476,24.35426203312792,3192.5845977245885,1370.3436074388376,310078.0,13209.0,47.9740680713128,47.91069221260816,0.9668303928838802,23.474752062987356,2233.815924114137,897.6502545988824,310078.0,13268.0,61.62046908315565,36.28765359859567,0.9602248231267567,23.37036478745855,1835.0947135175697,753.5123510238362
BIH,3861402.0,50818.8654281497,76.93413723523797,98.82425421559331,0.8646174065684191,75.9836326031215,2779.0910370158563,676.0990888496949,3861481.0,50309.0,98.27981651376146,77.8995561831753,0.7464335592761107,76.75527241646624,1054.6163447496315,299.40669439452364,3860580.0,50793.0,99.5656894679696,76.0360821696571,0.6901557201731775,76.00614257870178,500.7751610283874,204.6983709887966
BLM,5872.0,20.3416029214859,100.0,288.66948306210793,0.4743596728225648,288.66948306210793,511.7000863789077,421.3480021062328,4566.0,17.0,100.0,268.5882352941176,0.6744415242510344,268.5882352941176,329.09950357716457,311.2379706629754,266.0,3.0,100.0,88.66666666666667,0.0,88.66666666666667,88.66666666666667,88.66666666666667
BLR,9586750.0,205721.654532969,62.75405699584405,74.09820136913108,0.9382681194819209,46.60058768127215,6871.738470685472,1468.9582950468582,9586572.0,205861.0,95.28978951812316,48.56690089113375,0.8318511864836887,46.568179499759545,3867.8501722858464,648.6291877788533,9585841.0,205661.0,98.05301430917194,47.13219950634766,0.787441046652475,46.60991145623137,2305.174408875349,433.552240157655
BLZ,335853.0,21889.855621814728,58.40608909782852,26.258947802324105,0.9352833067386925,15.342860446521158,1752.6708739774388,398.8306796993824,335794.0,21681.0,87.76683087027915,16.93363590519415,0.8647435221170552,15.48793874821272,869.5061589746603,148.7897602355321,335794.0,21963.0,91.16809116809117,15.587874849131929,0.8125584965119895,15.289077084187042,518.2084010208142,85.05311045316779
BMU,64318.0,67.2517973780632,93.54838709677419,1022.3138729274376,0.49408867959715336,956.375926109892,1768.5090620767169,1453.212548339591,51410.0,55.0,88.88888888888889,952.0370370370371,0.5238885646885744,934.7272727272727,1096.1432963481761,1041.8094937418407,11455.0,13.0,100.0,881.1538461538462,0.4951986032213845,881.1538461538462,1031.5196817586602,1018.460765410809
BOL,10720007.0,1082425.163367033,42.514090998383125,23.402852307171884,0.9524291499007909,9.903693449488866,10176.665343366856,1213.9012027639003,10720003.0,1082450.0,76.24983671412842,12.970203627300336,0.9266674147026654,9.903462515589634,4784.143526195519,551.6144583849572,10719855.0,1082268.0,87.40980709762921,11.25740746380411,0.9121621877813498,9.904991185177794,2925.5801524084127,355.85914573021256
BRA,203620911.0,8477887.87208563,38.518806728455,63.0579334561415,0.9769282759133389,24.017882056501836,7160.11936180763,2474.3620226577323,203620768.0,8442464.0,70.49143229787668,34.33352426176541,0.9584450503498434,24.11864214049358,3992.189494135089,1050.0370805493912,203620918.0,8484970.0,81.3962475605279,29.5231397910452,0.9408383242236643,23.997835938135314,3097.2486827944035,656.762262873221
BRB,286196.0,437.0354889035225,99.42857142857143,658.6214534926784,0.7179000071227436,654.8575739650722,2899.87456386577,1774.970998404839,284155.0,435.0,100.0,653.2298850574713,0.5445452002524367,653.2298850574713,1690.3303485352776,1103.719565205232,197266.0,351.0,100.0,562.011396011396,0.5450254985637312,562.011396011396,1160.1484593039909,842.7687339565382
BRN,423905.0,5776.656493544579,37.483404631951615,195.8206385001765,0.9605949253384111,73.38241428648465,3818.157011798496,1662.9891645757118,423905.0,5713.0,68.45238095238095,109.19757856774858,0.9268134888540321,74.20007001575354,1587.7155999895028,832.2892925645463,423905.0,5766.0,82.6530612244898,88.3319441550323,0.9073162329913785,73.51803676725633,1148.2609406973243,634.3169299045771
BTN,744224.0,38687.361022651196,39.33570208672778,48.83559819649217,0.9300610117412531,19.236876859196,1560.496505497636,309.613645587284,745226.0,38740.0,86.09179415855354,22.06638635556082,0.8109857231989247,19.236602994321114,448.3626813412232,101.64263143464271,740249.0,38562.0,95.39823008849557,19.78006092347157,0.7597636274332001,19.196333177739742,182.63087585404224,69.37903580739433
BVT,0.0,49.33268329501152,0.0,,-1.9013085235786758e-17,0.0,0.0,1.0,0.0,31.0,0.0,,0.0,0.0,0.0,1.0,division by zero,,,,,,,
BWA,2177845.0,577019.834549725,24.603660041800836,15.335172544028364,0.9654496202684139,3.7742983336083618,1434.1172833097346,237.84464911129166,2177852.0,577524.0,68.7157081893924,5.4705604565641135,0.925341996834408,3.7710155768418283,529.696211278439,95.11361438871872,2177832.0,576966.0,82.70284721293945,4.5565914568827,0.9021945250126415,3.7746279676792045,304.6075476624301,59.22884395116907
CAF,5409632.0,620098.577404499,57.404089008138314,15.1761585392762,0.8890746761195293,8.72382585143591,5949.639580866007,268.82563692538116,5409724.0,613749.0,84.8841115216661,10.352151864821938,0.8477476932685079,8.814228617887768,2015.33317100647,113.12663188970447,5409428.0,620131.0,92.62575717671847,9.372509135264286,0.8116501193698259,8.723040776868114,1711.649606271063,78.60301051665628
CAN,34635709.0,9780275.83879812,3.37062768333643,75.34388341974685,0.9974739501137884,3.5413836553158315,3225.9801904793267,1248.7292182804701,34635549.0,9804505.0,7.3668367004160435,35.12473113045383,0.9953119564740641,3.532615772035406,2042.4118271958373,708.1787738595199,34634612.0,9815755.0,10.602385165567053,24.511645550628245,0.9932190256268325,3.528471523586316,1579.0563174223616,503.1088897558136
CCK,415.0,10.028598427772522,50.0,82.76287510762225,0.7845381503418978,41.381654972914966,177.4804801242967,164.9336162709365,412.0,6.0,66.66666666666666,82.4,0.4126213589228485,68.66666666666667,98.85639158576052,90.81113237035342,255.0,3.0,100.0,85.0,0.0,85.0,85.0,85.0
CHE,8130654.0,40534.002381682396,69.44368121936053,289.462742327508,0.880652990202116,200.58848182419558,3201.6381888468563,1446.3888718901796,8105456.0,41445.0,94.37185929648241,203.8903255018363,0.7699282190851142,195.57138376161177,1659.5184766760888,708.5097602489195,8073183.0,40857.0,97.12140175219024,198.8566678161486,0.7251656479443851,197.59607900726925,1072.695893452597,543.0751255063595
CHL,17428736.0,750324.9847605824,30.74431601116284,72.40252187607112,0.9823612853371729,23.228249563835664,9454.246575316825,3190.3016953830024,17428718.0,755248.0,51.88549408202587,40.690975651325296,0.9753956551883172,23.076814503315468,5070.630622071675,1650.238508375721,17428732.0,754619.0,66.8589601360846,31.68249755501667,0.969453256778008,23.09606834707316,3799.5224517914967,1128.4000691767367
CHN,1366520760.0,9344904.704611659,58.792940578681275,242.9464669227978,0.9317381634696068,146.23164207609625,7809.298647527395,2201.5534030605463,1366520395.0,9346496.0,76.83227408286764,187.71475023046742,0.872767727867158,146.2067062351495,3812.845744868853,1043.989694257046,1366478027.0,9350252.0,84.48424377288063,171.32915913706893,0.8494163690243421,146.14344372750597,2672.0411012720465,832.7151296500011
CIV,23226663.0,321537.2686147094,92.03488770290133,78.48955689720286,0.9090676957704452,72.23630125387415,10888.759370135189,1448.7082184324483,23227024.0,318976.0,99.80698706813357,72.919194678069,0.7886844101961754,72.81746589085073,4540.911653760979,483.9910937053094,23225125.0,321602.0,99.92449030958973,72.21787759874128,0.7076813500670156,72.21697937201883,2604.7469612518034,315.7832809144902
CMR,23784995.0,465642.85952585936,91.61964068009432,55.755962511475026,0.8907196485050025,51.07990923391172,11291.350217539875,1122.4583526470835,23784982.0,460653.0,99.5546252171202,51.81664931092627,0.8268898233643671,51.63318593388082,5353.405176608474,543.0586211977204,23784983.0,465321.0,99.65289829920167,51.20986046191177,0.7939590941545516,51.11521508807898,3899.966305872149,386.03707516943376
COD,79370942.0,2328810.611129403,62.7765280916208,54.28886746927122,0.9420399007809346,34.08217981345743,10998.504813692549,1229.651597392796,79370931.0,2298369.0,90.07004271338594,38.28477859048839,0.8653047621097638,34.53358925394486,5577.144679626691,432.94716990504685,79370943.0,2322548.0,95.72108332438911,35.600317290730075,0.816274702050336,34.17408079402449,3330.4628106367963,278.4048223397516
COG,4774722.0,341767.1498785019,39.40678919026974,35.46459127386362,0.9726479120975772,13.970687357452032,18797.233695563707,2885.799423129317,4774610.0,336356.0,77.33284795534523,18.241038238631372,0.9441461783294361,14.195108753820357,7285.780172788013,1109.3227720538791,4771676.0,340187.0,87.05357142857143,15.93905868991549,0.9224968646327779,14.026626531878055,4336.93659308007,663.9755878934811
COK,7620.0,205.29532134532928,56.25,65.95979339704155,0.7977382683173099,37.117260880886434,182.8340591125593,138.59592513557976,7619.0,235.0,71.11111111111111,36.98543689320388,0.7702964805647139,32.42127659574468,108.0897098031105,75.68088631166164,7226.0,190.0,70.37037037037037,42.75739644970414,0.8250556116280379,38.03157894736842,81.78820435087086,71.83653246426628
COL,46599363.0,1135337.6805699468,47.097916991636765,87.26173663803873,0.9686454866602004,41.044496097942265,18789.56501438574,4094.013686527941,46584680.0,1121615.0,75.37218674665537,54.912358872441196,0.9380540951089731,41.53357435483655,9559.48591191192,1678.3641275947537,46566771.0,1133588.0,85.66168507688975,47.73655528731567,0.9200267862184953,41.07909663828481,6026.676150851187,1023.8320187996724
COM,703893.0,1665.59215426445,70.5173279758915,599.3545045617759,0.9056492286565956,422.6082586891444,9473.581535949592,3943.6632914268694,657106.0,1672.0,90.9090909090909,438.3629086057372,0.6944715738528118,393.00598086124404,1547.5859192665432,979.6533974304074,585311.0,1538.0,97.36842105263158,402.5522696011004,0.5820440127653213,380.5663198959688,849.751350216071,611.1811454299399
CPV,514422.0,3974.48057281971,70.29989658738366,184.02366452847633,0.9121436676039226,129.43125285804112,5345.573958830431,1673.459065743772,514343.0,4082.0,88.2943143812709,130.8427880946324,0.8291239379571494,126.00269475747183,1958.337043697024,658.4706661063036,509083.0,3937.0,92.15686274509804,130.97067146899923,0.7955725891142349,129.30734061468124,1431.3279877019681,482.0959147946034
CRI,4792938.0,51000.95436859131,81.95384463006373,114.6761508042668,0.9266870152753003,93.97741786086473,6530.841529525838,2011.8938822104594,4793045.0,51045.0,98.2536066818527,94.75791783638448,0.8565403584382068,93.89842296013322,3149.2858404166846,866.9569713307918,4792246.0,51072.0,99.01547116736991,93.86805868411258,0.8271117583305112,93.83313753132832,2392.1246287032322,639.345296785196
CUB,10944888.0,109651.43275207281,83.90372974736307,118.95267055766834,0.8838623043252787,99.81527578163909,7166.382313390527,1497.7523311720997,10936519.0,110969.0,90.19052117776728,102.23434447300771,0.8041549401204208,98.55472249006479,3018.3407619143536,627.5362541582688,10933218.0,110258.0,90.259009009009,100.68903337508289,0.768955358665411,99.1603148977852,1998.5676960240016,430.1837796265525
CUW,145571.0,437.87251502275467,80.1526717557252,414.76822335878217,0.8480635295658593,332.4506448924642,2653.352937516446,1667.5763469345504,145571.0,443.0,89.1891891891892,341.71596244131456,0.8093771275518005,328.60270880361173,1160.3221863606461,910.8816192049794,145571.0,441.0,86.66666666666667,331.5968109339408,0.7563612715824726,330.09297052154193,894.8195339910407,722.6817727817157
CXR,1187.0,137.86120176315308,9.75609756097561,88.24345247323538,0.9636868792409016,8.610109188220177,250.52948747889855,182.16594306783438,1037.0,127.0,36.36363636363637,16.203125,0.882089943835076,8.165354330708661,43.90615180890772,36.612986495128204,1033.0,92.0,100.0,11.228260869565217,0.3964181993424166,11.228260869565217,14.181072523394644,13.17219094832526
CYM,51965.0,270.16421580314636,57.01492537313433,337.33781986721766,0.8895441960801452,192.3459768552916,2253.930645055728,1348.1456362461263,33235.0,233.0,93.10344827586206,147.7111111111111,0.8211098602231182,142.63948497854076,1442.6646061125416,777.602293544871,13924.0,127.0,100.0,109.63779527559055,0.8490637485944891,109.63779527559055,535.4287850704858,399.10920441656094
CYP,857512.0,5690.707879602909,81.37097768462581,185.16816367966985,0.8731198753953875,150.68635012413188,2686.0467485318513,1128.7141276406637,855990.0,5791.0,100.0,147.81384907615265,0.769927199798241,147.81384907615265,1745.6144380681912,655.9257621732391,747172.0,5524.0,100.0,135.2592324402607,0.6883056110147555,135.2592324402607,781.8845650872227,382.5669238589518
CZE,10654533.0,78379.16730242968,82.63743247537337,164.51099315249732,0.8625000016725315,135.93577689960634,2818.290234145987,989.3215994663052,10654257.0,79251.0,98.81656804733728,135.28012748073186,0.699962922159018,134.43687776810387,1414.786027433488,446.8709688594618,10654257.0,78371.0,99.54838709677419,136.08533547917386,0.6397477035036733,135.94642150795576,973.0527231389174,334.38223446831495
DEU,80818879.0,354757.6827368438,82.78438781678821,275.1530271748888,0.86255514526089,227.81431645541204,3059.0611267991558,1409.753041952743,80817800.0,355079.0,98.66553929858098,229.605807065642,0.7047197053631413,227.60512449342258,1712.9827180456405,686.0054659001515,80818879.0,355644.0,99.24328954882924,227.51269325616224,0.6450073145504969,227.24656960331117,1270.3444545348234,542.1822870166968
DJI,811693.0,21841.51541262865,59.624449128185475,62.32503816296519,0.9570399619747393,37.16285178320014,16356.04840657188,4485.3232558814725,811562.0,21898.0,96.80284191829485,38.055050173497136,0.9172813482019893,37.061010137912135,7649.663086634823,1661.7645105051413,810948.0,21706.0,99.66329966329967,37.4970176168678,0.8948316115180371,37.36054547129826,4239.09826641465,981.5757506140559
DMA,66512.0,746.6951865553856,67.88079470198676,131.21609039433045,0.8876777223678174,89.07516908851336,2255.8306364412356,787.1091181413238,59507.0,700.0,97.5609756097561,87.63917525773196,0.7040335897689642,85.01,394.12137115609164,257.33003718314177,53979.0,538.0,100.0,100.33271375464685,0.55012340188992,100.33271375464685,201.40891245795834,174.18341828651234
DNK,5543620.0,42626.83241832256,95.03639452338362,136.81486608603004,0.8458968133736084,130.05001041590768,2781.9118512364926,891.7148501177355,5540704.0,42736.0,98.77226769378912,129.8927231807952,0.7499640913163516,129.64956944964433,1869.3020775657335,521.5240741015781,5541602.0,42806.0,98.98305084745763,129.52207549374782,0.7025284299485012,129.45853385039482,1469.0577390339004,406.50446074332854
DOM,10423208.0,48024.73972183466,82.40853042247826,263.415265926289,0.9231166936762564,217.0383027658772,11714.493140673283,3927.448663749994,10423000.0,47531.0,98.15974941268598,221.74236783320924,0.8479680921246946,219.28846437062128,6005.007404961481,1783.8580331514095,10423000.0,48055.0,98.84393063583815,217.19108147530736,0.807334042538392,216.89730517115805,4637.960169490559,1268.0061623018587
DZA,39450613.0,2302806.3575855494,11.902675547162639,153.9447221104557,0.9870774830461571,17.131537295807735,7956.738417394887,2066.226140341398,39450613.0,2304463.0,19.53344735071693,92.57100050215175,0.9758478921937528,17.119221701541747,3468.1340309361512,857.9708488439853,39450613.0,2302605.0,24.60929963341694,73.10583410700156,0.9673910039549933,17.133035409894447,2157.926539117171,562.607895677293
ECU,15843121.0,255350.97027224302,65.31294328613869,94.99616003736655,0.9433706613420183,62.04449109047371,9476.148516191126,2239.2416268444745,15843113.0,252001.0,93.38418305901244,66.71711437799779,0.897738553308696,62.86924655060893,4297.09768019992,943.9196721490026,15843015.0,254806.0,95.96177558569667,63.675921497385524,0.8735546469840035,62.1767737023461,2517.941872386749,617.8360686363824
EGY,88877312.0,980716.9253157377,6.24242197556954,1492.718366520323,0.9875021382669021,90.62483750995357,14506.116842219588,6285.177301219514,88877309.0,982819.0,11.918845494306469,806.0995229284574,0.9758597486926154,90.43100408111768,8523.372336195755,3425.097088943413,88877313.0,981569.0,17.105263157894736,566.5377745764224,0.9716870899710898,90.54616944911668,6664.81971734164,2839.1473654146444
ERI,6465239.0,120191.77492499352,60.12041500661734,89.5197127997475,0.9071568141042881,53.79102691539979,9909.586489575695,1076.767692537497,6465224.0,121295.0,77.74409700063816,67.68450586264656,0.8398140281879828,53.30165299476483,2766.360108401649,401.15746203230225,6464937.0,120267.0,85.47717842323651,61.51400135113276,0.8182679825943975,53.75487041333034,1012.4801281080897,273.92129139949725
ESH,560054.0,266588.685485363,2.358322892689607,90.0048351943393,0.9992792302372712,2.100816840671018,21409.739405494307,8251.238020515288,560029.0,266697.0,16.728518412789036,12.762739288969918,0.9960686815544534,2.0998698898000354,6452.091620960067,2732.9067902373536,558320.0,266472.0,32.92513220150292,6.369952880238223,0.9921570049494637,2.0952295175478097,2097.7063664869393,991.1324748534048
ESP,47573010.0,503716.27387297153,72.87350779014885,129.11158218998784,0.9493318964664641,94.44406001462062,6246.077264118347,2273.5832596289065,47571537.0,505750.0,96.49814032654605,97.0639699656196,0.88252134683361,94.06136826495305,3617.0577484804603,980.5070550138975,47546522.0,503876.0,99.07045009784736,94.68872315214035,0.8333348871976058,94.36155323928904,2478.553576036321,679.3797518921532
EST,1257469.0,45081.97857788205,41.62194748337237,66.9606452974956,0.9463708896385701,27.89294169570753,3215.7932853014704,830.0869485901721,1242934.0,44604.0,85.59651934966797,32.138749547499614,0.8765168029132396,27.865976145637163,1688.441060624264,381.90861156571026,1243538.0,45101.0,93.61344537815125,28.873827435683104,0.8397876005215574,27.572293297266135,1218.8531299768858,258.60835769029853
ETH,99458293.0,1129235.3142384887,91.3967095258673,96.34144113259683,0.7989338813132805,88.0757905335884,3368.9984886956754,477.50615528046245,99457843.0,1123610.0,98.9458694727498,89.36873805478155,0.722196960138335,88.51633840923452,1243.6033345195017,278.2260622829935,99457844.0,1129406.0,99.58345513007892,88.29215340406209,0.696785708868134,88.06208219187785,844.8268997036764,238.38618446546144
FIN,5393733.0,333567.8394562304,23.475376202283137,64.1237929704662,0.9737626318494013,16.16982323233756,2194.7653677634607,670.7143156966584,5393305.0,334093.0,56.796506643806254,26.893509122731782,0.9473588371327317,16.14312481853855,1126.0346239309838,333.5292405894673,5393731.0,334257.0,73.2034992709852,20.919475009017464,0.9226278908556983,16.136478817197546,864.8899647838742,227.50905033683753
FJI,863798.0,18760.952228426933,79.41393852441199,57.97809612062879,0.8945921754723839,46.04233247239752,1786.915443090831,516.6973986668847,863798.0,18704.0,97.78117827084928,46.5057607408205,0.8097309556184241,46.18252780153978,935.5780159803811,237.10596150493734,863798.0,18908.0,98.45474613686534,45.720531413751125,0.7976631687657192,45.68426063042099,612.483567541828,174.07546684874418
FLK,2966.0,12112.646558701992,1.5413583220212812,15.873767521796328,0.9973194767736094,0.24486803818024067,296.7910102204796,122.7846582925126,2966.0,12214.0,13.901018922852984,1.4859719438877756,0.9831368352232522,0.24283608973309317,80.46843583946585,24.140424993592,2966.0,12304.0,33.56973995271868,0.5646297353893014,0.9611307846711771,0.24105981794538361,38.33020890134688,10.368604661253151
FRA,64101030.0,546181.3695016503,82.54473216719256,142.84122164818578,0.8856218298789644,117.36216864827776,3693.379204666754,1094.4612519822201,64101491.0,545300.0,97.70827858081472,119.9189789351592,0.7629428232433612,117.5527067669173,2643.298866352702,570.832002615883,64092597.0,546535.0,99.0555384457448,117.68509449864214,0.7050497403906818,117.2708005891663,2240.8648223747173,449.71803988274297
FRO,46749.0,1387.4236305356026,36.45833333333333,92.17896018780182,0.9468213884175142,33.694827571844776,1235.150506135206,583.3212506326502,46482.0,1410.0,78.11158798283262,38.22532894736842,0.8386486951935671,32.96595744680851,440.21091424364306,167.3479432515571,45975.0,1403.0,87.34177215189874,34.0051775147929,0.771590503787405,32.76906628652887,192.72235368318167,94.48973556159356
FSM,78412.0,700.5649645924568,61.25907990314769,182.87730987614339,0.8623048867039642,111.92680759537413,2187.700917319397,753.5166290388352,77437.0,724.0,84.34782608695653,123.70127795527156,0.7785052757018667,106.95718232044199,650.3560879291405,347.1445076500485,77437.0,722.0,85.24590163934425,111.74170274170274,0.7814043229026237,107.25346260387812,380.89687477374844,248.3479844509662
GAB,1700692.0,264304.440158546,29.1440893866308,22.078932794291415,0.9741884554518208,6.434594889816535,11953.985695440952,1459.1608839853832,1700688.0,260262.0,78.65944588336865,8.240685735329034,0.9313079218294877,6.53452290384305,5280.9949370712875,572.6492527041964,1700580.0,262965.0,92.86367795059469,6.8936190912444415,0.9017767938374985,6.46694427015002,1929.427244189964,288.8549402377654
GBR,63889901.0,243232.16060647368,74.81216951932707,344.65113866576746,0.8925797691468774,262.6704496670888,3949.206699985787,2069.196762585229,63844181.0,242991.0,89.36748712077848,288.72700261845216,0.8372378620781961,262.7429863657502,2716.1221345395084,1311.896911668503,63850877.0,243850.0,95.00624219725343,270.7518912088471,0.8108782212031062,261.84489235185566,2203.3599225086928,1056.5810715739012
GEO,4921723.0,69523.18738377094,56.94406423943791,124.11433510567319,0.9228062049284212,70.79253965776742,5694.108426463604,1168.824872248607,4921730.0,70107.0,90.37502709733363,76.41251358484708,0.8498967929681812,70.20311809091817,2708.9579568665504,562.495547274632,4921583.0,69428.0,96.11570247933884,71.91827042508731,0.803031448356397,70.88758137927061,1599.741645930862,375.74220117356276
GGY,65718.0,86.79703521728516,98.07692307692307,771.9746543410249,0.7351541276802485,757.1456771015678,5268.786981388113,2509.756306288927,65696.0,88.0,100.0,746.5454545454545,0.7141951519828941,746.5454545454545,1764.6812879090994,1258.2906114910236,65696.0,88.0,100.0,746.5454545454545,0.7044742884901626,746.5454545454545,1167.4708719429907,1011.6764065758052
GHA,26223192.0,238243.74625897408,94.29441162784914,116.73837348401413,0.8435761874261867,110.0687527449096,6493.9285812207445,1055.77990303471,26183874.0,236553.0,99.42827442827443,111.3226817229079,0.7395113316686766,110.68924934369888,3528.0673832444304,515.642888342147,26183876.0,238312.0,99.932478055368,109.95068488548849,0.6947307964184903,109.87225150223237,2783.673984127441,408.534550054042
GIB,22291.0,5.529211163520813,100.0,4031.4973222700814,0.551797810755846,4031.4973222700814,8450.722893046914,7097.499262716034,division by zero,,,,,,,,division by zero,,,,,,,
GIN,11727144.0,244577.31659060717,97.13231099166225,49.367540049074115,0.7843947136962075,47.948616672533944,3919.2299770402656,443.3265844777086,11726412.0,244546.0,99.56104025178068,48.05059764057973,0.6694063764967807,47.95176367636355,2226.765068641249,224.6947636668048,11724267.0,244703.0,99.68020466901183,47.93554361691689,0.6325709805479298,47.91223237966024,1500.1381532675132,171.66681360428566
GLP,388603.0,1629.02509111166,80.89717741935483,294.890269375085,0.840695197259064,238.54942573954716,3371.670139978004,1392.0885445822014,388461.0,1663.0,95.90163934426229,240.23562152133582,0.7029312307899205,233.59049909801564,1303.5143178133299,617.1525111101345,387942.0,1628.0,95.34883720930233,238.73353846153847,0.6284299511017651,238.2936117936118,837.6418465290542,446.2927948060434
GMB,1966743.0,10619.00136321783,90.17304831258319,205.39109521705683,0.8785740206619139,185.20978882368524,8195.23757314085,2085.9237931734856,1966134.0,10708.0,99.51768488745981,184.0777080797678,0.7429836936655911,183.6135599551737,4001.5197568104013,884.3259987669419,1966134.0,10630.0,100.0,184.96086547507056,0.6970549159686618,184.96086547507056,3037.934559349961,685.8336538816993
GNB,1651080.0,33538.48627579212,89.93268511593119,54.74459577275583,0.8674827178000272,49.229413230606646,4215.664736373295,680.6668435346329,1649901.0,34003.0,98.01821103374397,48.661033445407895,0.7550977853713654,48.52221862776814,2345.2656959202186,266.8744066799485,1648022.0,33802.0,98.84169884169884,48.797027211085776,0.7108104542126541,48.755162416425065,945.7055132932883,171.16354630659842
GNQ,727458.0,26917.924814879894,75.62686472417953,35.73321874776877,0.9165661174871259,27.025040191726454,6931.275825021748,885.6209786795044,700356.0,26422.0,97.17472118959107,27.16558706023816,0.7995388663360407,26.50654757399137,2208.274022789698,304.70508032202486,665459.0,26108.0,99.15014164305948,25.679516863471484,0.7400350436974305,25.488700781369694,903.3802246139246,178.02252310698242
GRC,10623969.0,131864.31836861372,74.77398937724877,107.48503869389664,0.9404350745175627,80.56742818251819,7703.621207722599,2109.531329873131,10623957.0,131810.0,96.17915516875398,82.59700366961064,0.8618990357687047,80.60053865412335,4915.740025453885,982.6810773088885,10623956.0,132010.0,97.73462783171522,80.756149472468,0.8296611847883566,80.47841830164381,3462.503332757914,692.8029981742847
GRD,104959.0,350.1874278187752,94.27207637231504,317.9326807661639,0.7249636126190169,299.7223534087498,1695.8743557261575,882.4452516543415,104959.0,356.0,100.0,294.82865168539325,0.5372468921213629,294.82865168539325,668.2924729556273,469.41048428438626,91697.0,323.0,100.0,283.89164086687305,0.5336624971303271,283.89164086687305,476.1118001229164,382.8331223332502
GRL,45765.0,2114463.8650158495,0.004158326467652005,324.79172601439586,0.9999712778069891,0.021643784392436027,1928.545835180232,1288.2780894037005,45488.0,2129289.0,0.04905580485084453,40.906474820143885,0.9999392210330728,0.021362999574036215,940.205917932497,404.75312087589657,45567.0,2129648.0,0.15315787352384022,14.266437069505322,0.9998087143588047,0.021396493692854405,581.6541085852709,156.630433556034
GTM,14916016.0,108291.14053606987,72.57534996124207,189.48245564084414,0.9067807091212206,137.7399473877712,6996.026443188353,1790.449088937874,14916280.0,109595.0,92.23760932944607,146.79066288773421,0.7921731960225342,136.10365436379396,1986.2239571010468,615.8441017976155,14915930.0,109054.0,96.64335664335665,141.26405212664199,0.7402217074845969,136.77563408953364,1446.5256449182027,459.9925357459411
GUF,256041.0,82985.69284677505,6.872103656970233,44.917597413499124,0.9960287998026391,3.0853631658261214,3815.957421689763,1286.9049814074217,256041.0,82079.0,32.766691303276666,9.695217539475179,0.9858981970848201,3.1194458996820136,1152.898127524231,409.58788939921186,256041.0,83008.0,48.62298195631529,6.509737618224347,0.9742354479203126,3.0845340208172707,829.9684382174897,222.73213990683175
GUM,160521.0,556.2922161817551,76.08370702541106,379.278372093456,0.8613359694565754,288.5551789701002,2724.853706485191,1612.3241993234763,160531.0,561.0,100.0,286.1515151515151,0.739639528612537,286.1515151515151,1139.289003724187,724.4132408272233,160531.0,558.0,100.0,287.6899641577061,0.6050736825448495,287.6899641577061,659.2488109877426,491.4821872496068
GUY,706892.0,209702.39520543814,18.580140150869244,18.168118086201282,0.9811147630704544,3.3709295466438642,4789.40507078876,731.8111403114643,706890.0,207022.0,44.38555162936789,7.727262789680805,0.9622325042712369,3.4145646356425887,2760.787068394526,331.4141572655428,706882.0,209376.0,61.247637051039696,5.493545754808626,0.9523328422163082,3.376136710988843,1408.7333014821918,204.8303802376403
HKG,6880700.0,1111.8495965600014,97.2972972972973,6360.494835908766,0.8709343054563087,6188.516883298325,55745.67057712823,36014.167655332894,6880697.0,1120.0,97.97979797979798,6159.979409131603,0.8065281494264076,6143.479464285714,26305.71047963783,17153.8202956936,6845250.0,1072.0,92.5925925925926,6403.414405986904,0.743233694086036,6385.494402985075,16504.64857313392,12766.450312133102
HMD,0.0,352.89269655942917,0.0,,0.0,0.0,0.0,1.0,0.0,368.0,0.0,,4.002991244112951e-18,0.0,0.0,1.0,0.0,319.0,0.0,,0.0,0.0,0.0,1.0
HND,8725550.0,111603.78365594149,73.36315364619976,106.54424857233118,0.9224446842293278,78.18328119501417,9762.625097868475,1822.8635739937015,8724770.0,113881.0,94.74789915966386,80.40743915139116,0.8284167818843855,76.6130434400822,3387.198395865389,592.8168178299246,8724770.0,112271.0,97.47172322022621,79.31753304605539,0.7758305520525922,77.71169758886978,1398.6966091079667,364.8493963999432
HRV,4405424.0,56670.82635694742,68.8362161007901,113.07328292687609,0.8938493130319091,77.73707007997295,3025.247800323034,829.8274647843602,4405295.0,56632.0,94.12032816773018,80.89195541600103,0.7877309724720619,77.78808800678061,1648.8075309382525,395.82417703996475,4405295.0,56771.0,97.66693483507642,77.87058969101322,0.7523859673166923,77.5976290711807,971.6341398945269,279.8245797195732
HTI,10004993.0,27001.16707289219,98.07997603714243,377.7998161392627,0.8104033328996207,370.5392797648554,13183.277147386392,2492.9546098725586,9996908.0,26755.0,99.60758665794637,374.023795270877,0.6374040169015542,373.64634647729395,4992.198881427331,1126.6260294396582,9968401.0,26917.0,99.30875576036865,370.40729042806186,0.5986174443011238,370.3384849723223,4119.858543957653,938.0695317590349
HUN,9900821.0,92550.85146528482,75.02327336771921,142.63650765134383,0.9166830215204667,106.9770925199292,2998.992896365956,1181.7839502355373,9900964.0,92876.0,98.25413693638986,108.07260898989237,0.7652950217877897,106.60411731771394,1609.8031254047248,466.0330112398761,9900519.0,92541.0,99.41656942823805,107.10095087677546,0.6629575676422109,106.98521736311473,1069.098535008373,308.03937946028236
IDN,253716871.0,1879180.661351204,70.17473483016153,192.43960140522245,0.9358480199932029,135.0146243084301,8807.770517060075,2353.850855938444,253716885.0,1863110.0,91.60799656871463,147.88175667405346,0.9018389332091352,136.1792298898079,4541.304763599939,1365.2339476762816,253716907.0,1883532.0,96.67571761055082,138.12526206392317,0.885387378702912,134.70273241973058,3139.518255634629,1061.9814543367143
IMN,85764.0,575.4095338881016,87.20626631853786,170.90253596280584,0.8965237197115057,149.04862528169076,3070.9227710556506,1409.5255239327857,85690.0,585.0,98.38709677419355,147.23367697594503,0.7591144372076758,146.47863247863248,992.0297298781081,508.8669795940302,80337.0,556.0,100.0,144.49100719424462,0.528570455767377,144.49100719424462,804.6034118493116,326.30109679354894
IND,1251015812.0,3146388.398018539,93.72063710609886,422.938417714253,0.8255963006135791,397.60374554770044,7966.682686548709,2412.189379635162,1251015634.0,3148947.0,98.54363569412054,402.2404396744948,0.6757937186049805,397.2806255551459,3862.873897898975,1124.0537459863458,1251015761.0,3147750.0,99.30876132930514,399.16841312612576,0.6315403043836469,397.43174044952747,2916.526675168007,942.5297244539088
IOT,0.0,46.67396676540375,0.0,,-2.8001089165431424e-18,0.0,0.0,1.0,0.0,63.0,0.0,,0.0,0.0,0.0,1.0,0.0,58.0,0.0,,0.0,0.0,0.0,1.0
IRL,4862236.0,69669.13083297014,79.27528329968612,87.90313657836892,0.8370557762671431,69.79039270142582,2311.2835467807818,633.2533304068382,4861839.0,70352.0,96.23782331205912,70.55448490037585,0.7451462264810508,69.10733170343416,1397.9078074554682,342.27280523613786,4861868.0,69880.0,97.74011299435028,69.70020357255498,0.7037608162085615,69.5745277618775,1043.1700213169852,259.6767789911247
IRN,81679345.0,1616398.9534436464,47.38449589341494,107.5143962983798,0.9694077914431354,50.53167401895849,11739.641739010105,3129.6660845243446,81679304.0,1616505.0,77.72324081614686,65.14862275850297,0.9273687983331366,50.52833365810808,6719.515119364836,1345.3033486432287,81678009.0,1617126.0,86.0419653329858,58.783529127272175,0.899464480905309,50.508129236682855,4416.036519866931,865.6055129970981
IRQ,32499318.0,444000.6468245983,34.521807812144154,214.51397093142546,0.972577544523845,73.19655552853011,11758.331586398004,3788.6722226605007,32499313.0,442831.0,61.179087875417125,120.87325520416854,0.9445450112346261,73.38987785407977,6960.025365073893,1895.5228382522191,32499316.0,443767.0,76.41921397379913,95.92251658756582,0.9281366819687554,73.2350895853004,4917.234754506878,1301.5278553632065
ISL,311597.0,101040.64103096724,5.24922520661157,58.75303957286165,0.9956446419474333,3.083877901215025,3009.929548519451,1210.0103347530767,311166.0,100883.0,25.18543492919757,12.861287922625444,0.9863558045096998,3.084424531387845,1997.4706049680112,629.5714412642141,311596.0,101326.0,40.91344618332801,7.945837052148413,0.9773315943455763,3.075183072459191,1447.6960167426978,398.72997169639325
ISR,8054445.0,22098.727513372898,55.6054552058911,658.6113098244551,0.9464404874415152,364.4755108693886,12538.057117360122,5875.295242170699,8053701.0,21886.0,80.37174721189591,460.2114857142857,0.8903679525436469,367.984145115599,6954.344361098923,2951.5686812728914,8049845.0,22036.0,90.21739130434783,405.39079417837536,0.8495764133226812,365.3042748230169,5750.709707190835,2238.167762629308
ITA,61327488.0,299255.79322725534,81.95651444485455,248.90320712329992,0.8839817695905439,204.93333592184732,4054.9848943038805,1657.1170984151008,61327467.0,299125.0,97.2646342069926,208.8312289304321,0.7696884994496044,205.02287338069368,2194.2823121732345,819.392094108855,61322731.0,299338.0,98.60980650009394,205.46863660274818,0.7108936771031994,204.86116363441997,1627.147578295631,622.4945538776383
JAM,2915872.0,10974.310932457447,84.34885614866366,315.00640812201834,0.8761701074220538,265.6997799630466,5204.756506317002,2106.0919677713946,2915872.0,10846.0,99.50900163666121,269.16569740607406,0.7421550800688764,268.8430757883091,2796.9968749337427,1069.694090903651,2915872.0,10968.0,99.41520467836257,265.8769034375855,0.6909707962657492,265.85266229029907,1729.357428447874,756.1480989852954
JEY,94337.0,123.63975989818573,99.5475113122172,766.464260900881,0.7443172945613572,762.9988935410759,4186.0371687925835,2453.4625739545045,94247.0,125.0,100.0,753.976,0.709415816937037,753.976,2359.6934779586795,1508.1773661021846,15547.0,72.0,100.0,215.93055555555554,0.14703801376187617,215.93055555555554,220.0984059678663,218.02446338559278
JOR,8802219.0,88860.68302243948,21.967458664932884,452.70414483357933,0.9831353151724911,99.05639592908852,12733.30973306929,5730.816645362536,8801789.0,88308.0,65.66957210776545,150.76461520015073,0.9682834303597577,99.67147936766771,7326.947254429352,2977.3378802629277,8801789.0,88809.0,85.25835866261399,114.0320131628383,0.956489524090912,99.10920064407887,4743.706845847986,2068.645970252447
JPN,125713455.0,370798.111682117,56.09356567091678,596.2127444252045,0.9183062428143485,339.03477671367807,6099.63277281382,3277.1221991672105,125713430.0,370993.0,87.86709805873569,384.233235527844,0.8810989197384852,338.8566091543506,4842.988163890934,2323.46858898305,125712995.0,371096.0,95.5129173591177,352.4986260423852,0.8612619679961502,338.7613851941277,4252.138339603114,1947.4352752914695
KAZ,18164521.0,2715064.730716139,30.004914405511364,22.728646756010114,0.9687793118308323,6.6902717988638285,4636.437461600518,915.9004123538982,18164482.0,2717785.0,69.25833276992765,9.708585541945867,0.9412183504945956,6.683561061673385,2526.851061508887,395.0021858803962,18163327.0,2715447.0,84.95085742484682,7.883508213015388,0.923303556318391,6.688890263739267,1563.2063387402104,244.05250682164308
KEN,45916947.0,582128.6169484854,85.02449552712702,92.76561849997066,0.8822314828064602,78.8776666584377,5341.624013377896,866.2895797463963,45916849.0,574581.0,95.60158501440922,83.47652879610659,0.8413264097094978,79.91362227431816,2089.8792508758793,500.6818366191747,45916851.0,582230.0,97.77431244683868,80.55997761289609,0.8218029604866088,78.86376689624375,1415.2098106079716,408.72410386343506
KGZ,5558072.0,197783.118632555,30.74620573355818,91.15418245328057,0.9710788851596561,28.101852364487613,2786.711914668389,1020.2033235722894,5558059.0,197690.0,63.3068288119738,43.8768729178837,0.9326387237066963,28.11502352167535,1566.5569950159284,430.36316233511866,5558058.0,197766.0,77.37704918032787,35.49274890323569,0.9033823565934622,28.104214071175026,1140.616905592432,295.9315351110473
KHM,15696117.0,181250.27377557755,75.51181899320028,114.6793107761559,0.9037647027575196,86.59913540011968,5553.4906308722,1123.2498506253007,15696274.0,182577.0,93.76110124333925,91.24414474640314,0.7982276954146352,85.97070824912228,2336.3372341302747,399.4208178706749,15695123.0,181158.0,97.63948497854076,87.98701087565871,0.7594354785079289,86.6377582000243,1423.7891642222376,311.2816054956312
KIR,61853.0,926.7184418439865,47.37327188940092,140.88861979606645,0.8901573888500531,66.74411256662245,1438.9016515296685,544.3345890562931,61464.0,1002.0,75.9090909090909,88.05730659025788,0.7743072068980774,61.34131736526946,860.8771426049822,340.9248849626689,60312.0,984.0,84.21052631578947,73.73105134474328,0.7360808589258937,61.292682926829265,969.2758212452304,330.7954649813925
KNA,49670.0,262.9098601937294,65.21739130434783,289.66812423438563,0.8596509628821523,188.9240668394858,1746.7262485138458,1045.077544965272,47455.0,224.0,90.47619047619048,233.76847290640393,0.6096984109990039,211.85267857142858,395.8981659085885,314.045174982048,38167.0,173.0,100.0,220.6184971098266,0.5391000951872003,220.6184971098266,311.49652006007403,266.98309010829723
KOR,48804093.0,99388.52984493971,77.68156134086733,631.4265373980967,0.949370629460578,491.04351453976983,16534.5388283121,8628.827035886123,48804092.0,99175.0,96.90658499234304,497.4983638976952,0.9059073364597734,492.1007511973784,9690.677069473348,4608.715292186213,48804093.0,99859.0,97.80898876404494,489.13659597498395,0.8799612420323022,488.7300393554912,7351.983463091543,3412.5271804105255
KWT,2772601.0,17266.105539917946,23.022110899982724,697.1494789605872,0.9833974299323406,160.5805659875039,10644.572137136265,7409.738610206473,2770950.0,17542.0,70.46580773042616,218.32256539552475,0.9705173161860093,157.9608938547486,5900.622339106645,4343.707049150165,2759609.0,16930.0,85.29411764705883,181.6727452271231,0.9623123625816091,163.00112226816302,5127.0262229938035,3744.2424826055612
LAO,6928557.0,229775.88806128502,73.94018480637654,40.83178101662621,0.8984020025080122,30.153542473316605,1907.1689627615303,386.94153353419665,6928525.0,229338.0,96.97609595405017,30.99941835753115,0.7719813383993918,30.21097681151837,688.1906961195878,131.6444465610059,6927809.0,229642.0,99.12903225806453,30.281135399046256,0.7193788885936736,30.167865634335183,465.8478572414345,100.86222537498448
LBN,7237331.0,10200.613166570663,91.14576082416818,778.3537642995519,0.8460666587883501,709.4996037804964,13277.499431548116,4478.463759050073,7237331.0,10322.0,99.53632148377125,701.7677688354504,0.738464046008712,701.1558806432862,8769.339526651167,2676.8203308996253,7224854.0,10147.0,100.0,712.0187247462304,0.6998385003871764,712.0187247462304,7453.664580280176,2248.3448555801815
LBR,4099955.0,95774.666300416,79.0816462262896,54.13774832095496,0.8887829123422607,42.80834544638024,4315.000623387046,626.0185999319845,4082713.0,94838.0,99.02356187645935,43.42064513384453,0.7546652432597751,43.04933676374449,2480.911101637086,281.17136212071557,4082538.0,95879.0,99.91896272285251,42.580994399073816,0.7093818485547447,42.58010617549203,1916.257497321801,222.56274541091645
LBY,6501345.0,1612651.8652477264,3.5353061200419873,118.34167444719237,0.9952836270525537,4.031462177362936,5039.783548895774,1182.844486670693,6501345.0,1612213.0,11.667153967604234,36.05808587813779,0.9910113345219907,4.032559593552465,2217.6765082618685,620.9008420089635,6501345.0,1612668.0,19.11152244331328,21.797795190054217,0.9875430538114769,4.031421842561519,1539.0136803110868,440.5799144157745
LCA,156158.0,615.8073610067368,92.31805929919138,274.68165582321507,0.8454145667574309,253.58254851762266,4428.7708608317835,1604.9078667880044,147515.0,626.0,100.0,235.64696485623003,0.6186840945542847,235.64696485623003,996.546026398453,551.6793971204924,119747.0,484.0,100.0,247.4111570247934,0.4468110742980863,247.4111570247934,451.42833793888184,367.1470556083403
LIE,37012.0,160.76018923521042,71.01449275362319,324.26494980624676,0.8479844760042953,230.23112983431017,1804.4669590515898,1145.8668619426628,36998.0,162.0,94.44444444444444,231.2375,0.6920103789057349,228.3827160493827,570.5695058160483,476.77108925889,32043.0,117.0,100.0,273.87179487179486,0.4892566239055112,273.87179487179486,418.7787201333819,390.81961231453903
LKA,21918436.0,65768.12333112955,92.66658937795468,359.6127700058487,0.8238519583176969,333.26838124367623,5501.511803322212,1788.7023294201304,21902424.0,65255.0,99.27470534904805,336.3239408503908,0.7079462266216529,335.6436135162057,2297.49548149389,977.8951916140685,21902424.0,65895.0,99.4279176201373,332.40892396418275,0.6606715396111841,332.38370134304574,1842.0474081476962,816.1855479090442
LSO,1947207.0,30478.85482007265,87.93966169542826,72.64438404547646,0.8312244899688654,63.88714443160823,3298.3686009187772,448.3742865466088,1947068.0,30883.0,99.42129629629629,63.077232085007125,0.7025045252128459,63.04659521419551,1380.6689320979626,228.92810884466127,1947068.0,30449.0,99.12663755458514,63.959923789501346,0.6623128572167704,63.945219875857994,1231.477629081589,193.74253889861959
LTU,2883239.0,64574.87545892596,68.37025746279919,65.2960424603572,0.9134034723683305,44.649547978360985,3753.700488713068,792.2136370016706,2883141.0,63893.0,98.1125226860254,45.85731327140858,0.7898746999306157,45.12452068301692,1852.3659657514086,335.3788455587896,2882670.0,64482.0,99.78947368421053,44.74250325945241,0.718591997308071,44.70503396296641,910.9260223419494,214.4406113113461
LUX,567925.0,2564.062366247177,97.32528041415013,227.55582670757502,0.8208834072584204,221.49422240116124,2076.6362889399384,1036.8010072887616,564225.0,2578.0,100.0,218.86152055857255,0.6372639460968408,218.86152055857255,1024.7199375363045,495.2429020001774,501824.0,2456.0,100.0,204.3257328990228,0.6162689735843563,204.3257328990228,713.6922441893819,383.9347570627811
LVA,1984851.0,64255.28029367328,63.720937014705555,48.417049871201904,0.9329164719127947,30.89008391105615,3213.091912785341,807.2798657754394,1984642.0,65285.0,95.71553994732221,31.635323184825058,0.8489282537963427,30.39966301600674,1522.5650647937887,327.9813081728466,1984690.0,64262.0,98.92976588628763,30.964817848506122,0.797794458998918,30.884348448538795,1201.1243650796757,238.2170932339918
MAC,586907.0,29.304770708084106,100.0,20027.6946660461,0.7582988768512101,20027.6946660461,89159.29145619043,62197.39669304096,581938.0,21.0,100.0,27711.333333333332,0.3907203172845249,27711.333333333332,46801.72886358716,40786.72532123964,division by zero,,,,,,,
MAF,28453.0,54.46121335029602,86.56716417910447,603.5111187015756,0.7450611139635577,522.445209161785,3178.634447900315,1679.0034297226919,29569.0,60.0,100.0,492.81666666666666,0.5779315209324831,492.81666666666666,866.887812292547,679.0482752408758,29569.0,61.0,100.0,484.73770491803276,0.1749636443560826,484.73770491803276,575.7688195443953,532.8634616140761
MAR,33250580.0,412279.17065250874,61.54025045983411,132.16768851788166,0.9178641990458326,80.65064249395562,13209.53815619981,1824.2945569273147,33250707.0,413189.0,87.9004020230839,91.52939476270305,0.8421445547868291,80.4733596489742,5798.607531748586,819.713960418708,33250708.0,412537.0,95.08890770533446,84.39501610451053,0.8067322104833566,80.60054734484422,3773.801525414573,577.7486019307426
MCO,12580.0,1.2372732162475586,100.0,10167.51986125831,0.43203497614575453,10167.51986125831,17759.98083601666,15864.15934794308,33250708.0,412537.0,95.08890770533446,84.39501610451053,0.8067322104833566,80.60054734484422,3773.801525414573,577.7486019307426,33250708.0,412537.0,95.08890770533446,84.39501610451053,0.8067322104833566,80.60054734484422,3773.801525414573,577.7486019307426
MDA,3546074.0,33718.33015882969,88.64926416038371,118.68090536197187,0.8914054532775179,105.1675448723668,2926.598687093574,962.0822079156918,3545148.0,33727.0,99.56087824351297,105.15670512858541,0.7116688058534939,105.11305482254573,1430.7657312223696,361.18654374015034,3545002.0,33707.0,99.70282317979198,105.17733273994956,0.5918004956061541,105.17109205802949,1100.6336501055268,250.31859485322698
MDG,23767162.0,589267.4047282934,85.61379003060169,47.12057085892074,0.8340830878759303,40.333406886740754,4647.436062301992,354.00170137215684,23766821.0,590692.0,98.3058776355799,40.79202552545852,0.7126374708764149,40.235555924238014,1847.165521581637,166.33623563331005,23752078.0,590422.0,99.45011783189317,40.29539111950313,0.6597952508462732,40.22898536978636,1007.4585283238121,127.95989148338448
MDV,246489.0,290.6155478954315,97.65395894428153,868.600252846739,0.813935448923098,848.1617786282068,15866.325958296567,5251.8412617338545,246017.0,324.0,99.5475113122172,766.4080996884735,0.8252800172708009,759.3117283950618,14381.111580703775,4455.645972484471,245166.0,314.0,99.36708860759494,788.3151125401929,0.8146609937851017,780.7834394904459,11606.812512406563,3819.6883054842524
MEX,121556149.0,1947088.63809067,63.25305206477564,97.8196521806075,0.963030805070165,62.42969458195744,9412.171538121984,2904.2709153304922,121548359.0,1943872.0,87.88700410128911,70.546695810497,0.9309615176997935,62.528993164158955,5218.662327740875,1360.903690336375,121536508.0,1948620.0,94.64224121411873,65.31962767709872,0.9091315552065002,62.37055351992692,3590.0470786252986,929.9262038573202
MHL,30434.0,150.58922082185745,94.3820224719101,214.0952471138492,0.8607334488542994,202.09945860602141,2561.9056353193787,1329.5147908192957,30363.0,223.0,88.88888888888889,153.34848484848484,0.887351442211659,136.15695067264573,2036.5134730867612,1033.486892542484,30251.0,233.0,88.23529411764706,144.74162679425837,0.9045803700732871,129.83261802575106,1264.791696535809,789.4157884475493
MKD,2086536.0,24716.197980701923,68.79759622856551,122.8194558890393,0.9413869529355418,84.41978016316018,4834.645764029364,1770.3593181165018,2086536.0,24674.0,94.89544895448955,88.17715420698981,0.8736281398612789,84.56415660209127,1820.8799378784747,665.7821800685854,2084395.0,24437.0,97.61904761904762,86.16406928196437,0.8176061650246774,85.29668126202071,789.724964267333,382.3909418801884
MLI,16942744.0,1250097.1044299603,43.397966258980055,30.746705135469742,0.9142919147962342,13.553142343870823,5251.217200988376,324.4391657123688,16942674.0,1252467.0,63.14348302300109,21.181916948485057,0.8670612183203443,13.527441441570916,2154.4398793322316,147.91401453863193,16942381.0,1248732.0,71.15225551950117,18.898508967722,0.8469455509554029,13.567667842259187,1253.8730812605604,112.82636471275268
MLT,403853.0,318.100590467453,99.34640522875817,1277.9357199187978,0.7580661844716982,1269.576392192585,5193.450423470182,3873.224442199421,400042.0,317.0,100.0,1261.9621451104101,0.6654023908083244,1261.9621451104101,3122.0531051365197,2292.5045721183205,351619.0,284.0,100.0,1238.0950704225352,0.6564738158804724,1238.0950704225352,2349.740770325773,1905.0494835071827
MMR,56176822.0,666362.3499234915,75.80769446730933,111.05994806681997,0.917034433344933,84.3037155482298,5914.6562051977935,1192.396676601819,56176827.0,668259.0,95.48103290676416,87.73352209547845,0.8222873889615283,84.06445255507221,2431.658470345646,478.87726131877963,56176820.0,668391.0,98.30899308224443,85.0934444952725,0.790875334553946,84.0478402611645,1491.8402738419898,363.13642582198355
MNE,621692.0,13266.235393166542,72.24327396741191,64.85885955902545,0.9125763115124074,46.86272944623269,2960.6131464033333,759.756923249148,621624.0,13486.0,97.12765957446808,46.78085490668272,0.8271572832953417,46.09402343170696,1022.639638066652,300.7073157123859,621387.0,13260.0,98.02371541501977,46.911293975539785,0.7848188602823911,46.86176470588235,691.4289884132415,222.51751483368614
MNG,2995868.0,1557899.1107908487,17.46706809790203,11.103684398807019,0.9668926793857846,1.9230179793088036,7673.259832524511,647.5223123282691,2995868.0,1558691.0,57.73509440982234,3.330588848706116,0.9282798092830563,1.9220409946551305,4126.6010494424645,254.91096280893484,2995868.0,1557882.0,75.72426470588235,2.5272522513022757,0.9064312733127292,1.923039100522376,2292.5348101324753,149.00836146163908
MNP,49523.0,428.63862401247025,43.953934740882914,261.7276557064005,0.929685242308147,115.53555192114288,3014.4533927005705,1411.34860217644,49516.0,471.0,48.333333333333336,172.52961672473867,0.877877184372716,105.12951167728238,898.6813593793046,558.9486934939075,49516.0,483.0,43.75,166.7205387205387,0.8825291319407043,102.5175983436853,822.8759202937373,447.9185292050628
MOZ,25263183.0,785775.2254474759,84.41942673508527,38.04445667616023,0.8084539667538242,32.15064840662718,4264.470043214058,273.3125502795743,25259414.0,790205.0,96.36764035842657,33.0163386305352,0.7355377120890896,31.965646889098398,1564.7200018388712,150.2427247475187,25256820.0,786156.0,97.99307958477509,32.60147615765302,0.6993971509970417,32.1269824309679,1045.8316935349799,119.71345821607711
MRT,3629229.0,1039808.6999171376,19.41406475720862,17.59289266616954,0.9595367315878939,3.490285280637884,6901.935850269522,333.31500248074633,3629525.0,1036405.0,35.633673936251334,9.729065029753928,0.9402583674162759,3.502033471471095,2575.115218622168,153.02052612404972,3629524.0,1039823.0,49.60204234870101,7.000343312541709,0.9288153059397245,3.490520982898051,1718.939634836441,110.5108450563017
MSR,5134.0,99.89411002397537,26.229508196721312,195.98413011913988,0.8920951271053881,51.394421540647386,474.98354224075536,364.3409612742187,5134.0,86.0,66.66666666666666,98.73076923076923,0.5166212179632569,59.69767441860465,182.25703627628053,169.30407043930302,5134.0,52.0,100.0,98.73076923076923,0.0,98.73076923076923,98.73076923076923,98.73076923076923
MTQ,356940.0,1104.2738524079323,93.03370786516854,347.42376476752963,0.7822341879773083,323.2350374154671,2886.7540977858207,1302.2712247932132,356554.0,1121.0,100.0,318.06779661016947,0.6304617079909749,318.06779661016947,1511.754375383592,683.6293020823663,350373.0,1080.0,100.0,324.4194444444444,0.5091784496845124,324.4194444444444,1323.1441565532289,583.9965754334078
MUS,1296324.0,2006.033511698246,95.7983193277311,674.8150797665168,0.86228969803599,646.2125345565997,6799.413414882536,3763.242447072938,1278598.0,1999.0,94.8905109489051,644.7796268280383,0.7213138208797778,639.6188094047023,2229.3302017421893,1464.812066275295,1278598.0,1999.0,95.55555555555556,640.5801603206413,0.6608609325712168,639.6188094047023,1418.3273144082352,1012.3131598690082
MWI,17957122.0,117940.16300040483,71.55240513471576,213.11927127530657,0.7603216792928685,152.2562080903548,2650.4582132653554,616.9439288179423,17953027.0,118939.0,77.8504359490275,193.59285498619738,0.6689637339879563,150.94314732762172,851.820033738133,372.36505728897856,17939358.0,117745.0,82.74111675126903,183.32966797134478,0.6318757083195298,152.35770521041232,630.4627758279887,319.65733940585005
MYS,30299219.0,328601.37003421783,77.36243662198419,119.20113695903234,0.9536113997363032,92.20661191048866,9140.177355681597,2888.958966252684,30299105.0,324813.0,96.52726828075325,95.80956732639142,0.9199660004041311,93.28168823292171,4515.970219982967,1463.3294202154252,30298280.0,328364.0,98.72685185185185,92.53615375922742,0.8942852423251713,92.27040723099974,3001.3120752852897,999.8326580845244
MYT,211536.0,384.30099111795425,99.56616052060737,552.8409514601907,0.8513559163614813,550.4435452654683,4786.733669818328,2890.653710138016,187135.0,364.0,100.0,514.1071428571429,0.5284946362161477,514.1071428571429,1165.7393505551063,829.4227062786982,187135.0,362.0,100.0,516.9475138121547,0.43344789978783194,516.9475138121547,1050.286148182878,748.1526921174768
NAM,2209480.0,822404.9975482821,17.565587013386676,15.034501638056472,0.9733884287911124,2.686608187677367,2456.4290292975543,281.0917873018634,2209479.0,820003.0,55.06971899339504,4.846868645211108,0.9393540188674069,2.6944767275241674,825.0256571195099,94.75103586166215,2209479.0,822573.0,77.55975076722775,3.4190817368697966,0.9180078190333086,2.6860582586591097,478.101374109557,59.1126051669912
NCL,255600.0,18614.29572147131,32.0179756045367,42.90965139830373,0.9677140294794829,13.731381719973927,3149.8656854671417,689.3240533035029,255600.0,18839.0,79.69543147208121,16.622228002861416,0.8901385872716352,13.56759912946547,1627.9558722871898,240.22216158885442,255600.0,18791.0,92.01101928374655,13.917778382793356,0.8507045270113679,13.60225639934011,1256.5031185495093,165.43962236710803
NER,18076259.0,1182619.3595091105,36.71784560598878,41.06264646189482,0.919097281176532,15.284934120732823,5124.00713968891,343.8289561438902,18076260.0,1184342.0,44.532088522411705,33.74029159286006,0.890855795519491,15.26270283414757,1899.444889153881,161.49359628792627,18076259.0,1182631.0,50.561571053870466,29.947761156938533,0.8794695259413563,15.284783673013814,1018.4200020837333,129.52536058746313
NFK,2164.0,38.14479100704193,94.11764705882352,60.277125862275355,0.687724256289396,56.73120609313347,221.47200805038216,139.32405728049238,2228.0,42.0,83.33333333333334,54.34146341463415,0.5279772589840875,53.04761904761905,64.61663712163501,59.67750437383398,2226.0,40.0,100.0,55.65,0.0,55.65,55.65,55.65
NGA,192210546.0,907699.8993022442,82.94550697957533,255.27008915765114,0.9128419509765451,211.7556101391591,8697.28273366376,2556.678208988812,192211072.0,905788.0,98.5548670340475,215.16582262043892,0.7777612133117551,212.20315570530852,4404.329052660967,1007.6825648178624,192179453.0,908295.0,99.48597709441789,212.43396985591193,0.7168443029916235,211.58263890035727,3101.324199368256,741.0248697912413
NIC,5891060.0,127528.99198693037,77.99264134050465,59.23005392060908,0.9083343466899058,46.193888214875386,6206.707229282718,1051.7036770763675,5890764.0,129050.0,89.99843725582122,50.51593318011869,0.8341289200559897,45.647144517628824,2343.7045871142395,392.9401392978016,5890135.0,128021.0,93.67469879518072,48.94496518256303,0.7967055907559855,46.009131314393734,1304.2796952037954,261.367652063227
NIU,1098.0,258.6421836614609,23.125,18.35737035670085,0.9107638623456799,4.245247176837875,53.445466285046706,36.08110705507575,925.0,241.0,86.66666666666667,4.601990049751244,0.6454774764307573,3.8381742738589213,13.785670079787728,9.886393062306999,925.0,242.0,100.0,3.822314049586777,0.31810810797054784,3.822314049586777,5.3617873383252235,4.645519924881181
NLD,16908659.0,34740.41343182325,91.12301886792453,533.8981305834368,0.8404486691357788,486.71438620563924,4334.616061216544,2468.920424745926,16907397.0,35939.0,98.19579017707986,475.0736744499705,0.7192335188720584,470.4470630791063,2275.0496057883665,1249.2633320457087,16907397.0,36803.0,97.94933655006032,462.92465022040903,0.6535579342652886,459.4026845637584,1566.6858703721264,925.6256744581116
NOR,4988486.0,321330.49863022566,13.795529297811932,104.18627357882552,0.9801838633315418,15.524470976969264,2182.7244802243154,756.9425252035546,4985880.0,322077.0,40.396141479099676,37.68816188309283,0.955210639432986,15.48039754468652,1253.3970343215328,376.4548690464849,4987826.0,322442.0,58.724509426702575,25.712166279183656,0.9350496674314986,15.468909137147145,815.8135827592686,250.77183006594123
NPL,31539359.0,147324.99625843763,74.61531774319742,286.4977802416716,0.8593422443874065,214.0801615543477,4861.7872799771985,1405.213439465967,31537914.0,148467.0,93.2932810201079,224.85964236824094,0.7261843825762365,212.42373052597546,2119.228235614335,662.174907439337,31487807.0,147185.0,96.37476459510358,218.42869530231138,0.6879176171099628,213.9335326290043,1360.174165821837,557.0452128572409
NRU,4160.0,17.949970722198486,95.23809523809523,243.34301468914782,0.625709706643844,231.75525266207728,586.578676021586,466.0710078824802,4160.0,18.0,100.0,231.11111111111111,0.0,231.11111111111111,231.11111111111111,231.11111111111111,division by zero,,,,,,,
NZL,4315101.0,266854.07199013233,35.85723186810826,44.25341660796822,0.9752532990080057,16.1702647736234,2240.7301148576657,1013.8183640724735,4315106.0,267730.0,72.79165737229533,21.98343259173973,0.9512880197955631,16.117379449445338,1591.1092863302658,554.9483206918869,4315097.0,267473.0,88.38628234799074,17.98444161960531,0.9335761086199761,16.132832098940828,1304.9279313092784,392.5086984935662
OMN,3204601.0,308884.8268405199,11.115600483816243,94.23081277503742,0.9918076054206876,10.374743987196773,3955.6770411471684,1456.6068267378996,3204601.0,308598.0,33.20118305959348,31.71930119766406,0.9759809780873526,10.384386807432323,1313.8187622701207,506.94542557177397,3204601.0,309000.0,47.19785575048733,22.24197141845793,0.9599940445295212,10.37087702265372,909.9776949488327,315.8773704909724
PAK,207044514.0,871606.43359828,63.95845147182163,371.55095331838095,0.9060398123642753,237.54358162003427,11988.034402255942,2833.0153045613833,207044495.0,870456.0,89.77239628843672,263.88810362583354,0.8443992729030197,237.85750801878555,7732.080091131938,1644.3846239649354,207044512.0,871926.0,95.57363710333605,246.67890502878492,0.82343425505211,237.45651809901298,5912.328847683739,1337.4289753424
PAN,3631585.0,74804.53517389297,63.31879209800641,76.68807949893724,0.9447909966201105,48.547658127383635,7327.224134473337,1673.790214539267,3631585.0,74596.0,94.16058394160584,50.55453469757082,0.886923581904122,48.683374443669905,3650.8067439757283,702.2882674784338,3631584.0,75042.0,96.63636363636363,48.81554964110009,0.8626845034852846,48.394019349164466,2557.6043993105636,496.0278718713657
PCN,14.0,22.589693427085876,3.4482758620689653,18.07087231662603,0.9655170413793518,0.6197516599854995,18.07087231662603,18.07087231662603,14.0,44.0,20.0,4.666666666666667,0.7999999714285725,0.3181818181818182,4.666666666666667,4.666666666666667,14.0,44.0,33.33333333333333,4.666666666666667,0.6666666523809527,0.3181818181818182,4.666666666666667,4.666666666666667
PER,30407467.0,1291663.9581429362,52.00806993246611,45.388306850447286,0.9485959992480676,23.541314138483607,12259.671079609068,1905.9681836394138,30407464.0,1288204.0,85.51105836313772,27.52078168796741,0.91964139668297,23.604540895696644,6799.947609232558,947.1243967899487,30407370.0,1291414.0,93.87420352028263,24.954878727347037,0.9025789652711118,23.545795538843468,5120.196851144208,669.4146190294316
PHL,99330650.0,295424.64924389124,91.35426886332343,367.8007697363449,0.8708402757608449,336.23006832444923,11046.704553564745,3036.572593419622,99330637.0,295161.0,99.4748776703664,337.30058372695567,0.7737142107552177,336.5303580080024,6423.890326733365,1542.8974943258727,99330651.0,295825.0,99.57063995093029,335.89994082139896,0.7492190174437351,335.77503929688163,5138.130535412692,1236.8863022489334
PLW,18764.0,412.7963778972626,63.860369609856264,71.18280377972786,0.9270675133970144,45.45582520753129,1503.216013106199,632.9735840623322,18764.0,456.0,76.47058823529412,46.216748768472904,0.8084985430901366,41.14912280701754,1046.2675557917034,301.6815403749292,18764.0,469.0,72.0,43.535962877030165,0.7772926880226374,40.008528784648185,167.16071894513644,111.13188422517185
PNG,6523742.0,462834.6784297824,51.806994664216134,27.197388058602336,0.922281420801698,14.095188420479886,1748.3201327363818,304.39997858897254,6522877.0,458966.0,83.19073766653898,17.226483808437255,0.8425281601407095,14.212113751345415,474.7663932681214,105.30019491805895,6521584.0,463303.0,91.61931818181817,15.48242388272301,0.7992639404699236,14.076282691888462,239.65154162841003,71.65045424093618
POL,38531719.0,309796.99872404337,86.99538404100058,142.89095445627177,0.8747638221613372,124.37731533455799,3491.4052168919484,1082.854895025137,38531396.0,311491.0,99.43848265535313,124.12945334119382,0.7456475353409994,123.69986933811892,1744.0565589738937,512.7991769334578,38531607.0,310441.0,99.70664928292047,124.23058595185742,0.6789750614733879,124.11893725377769,1119.1542755436367,371.81243552354493
PRI,3567591.0,8926.810970366001,85.28796287871894,468.6112189171144,0.734333275162691,399.6489913187585,1950.5195610270287,1165.5054948363554,3567591.0,8835.0,93.64161849710982,409.5501090575135,0.6126510245368415,403.8020373514431,1226.2813058619479,753.3886471153177,3567591.0,8923.0,93.15068493150685,402.9355093742941,0.5627670312774626,399.8196794799955,1048.14857343298,661.2148631475851
PRK,24822906.0,122093.32898586988,82.71689620063233,245.66212378085638,0.8889773832493918,203.31091146571003,9310.651088393932,2418.4462679839953,24822441.0,122007.0,99.25542655224633,203.95747880102545,0.7953661068110937,203.4509577319334,4003.3364240012143,1072.301536041564,24815187.0,122137.0,98.99713467048711,203.46654695724897,0.7455026031266477,203.17501657974242,2357.960427913852,729.0512795823465
PRT,10710498.0,91431.53790360689,87.94239810781967,133.23648556021797,0.899229154118428,117.14227109787552,3325.241821010299,1223.917440374979,10710497.0,91533.0,98.88663967611336,117.47959284405884,0.8178329134127301,117.01241082451138,1891.2231789384346,649.6593870298703,10710499.0,91440.0,99.4314592545799,117.15962939464876,0.7803849553738662,117.13144138232721,1572.096198459299,527.7939404285117
PRY,6780029.0,398933.4224357605,41.82369013685255,41.11265337318924,0.9430911680424836,16.995389753516516,4686.584680393657,771.3732752426581,6780025.0,399754.0,61.1003767751908,27.868651992519062,0.9197339794685991,16.96049320332004,2366.509566595602,410.8036338235417,6777057.0,398642.0,72.48817407757805,23.43186250103726,0.9041309462887156,17.000358717847092,1714.0886012190724,297.08445724262964
PSE,4665336.0,6195.532359957695,91.3960848669558,824.1262062047119,0.8955531509156306,753.0161621223226,17386.674040152888,7132.888957813924,4665256.0,6153.0,96.25935162094763,780.4041485446637,0.7950289493283905,758.2083536486267,6757.349493199516,3141.3392723667334,4665256.0,6187.0,97.43589743589743,763.5443535188216,0.7402629247512656,754.0417003394214,4167.140699065654,2227.961498971103
PYF,219901.0,3191.360477745533,51.416795466254506,133.98758043078317,0.9525533428880867,68.90509597190483,3506.178145244242,1455.7982880428306,219882.0,3492.0,77.58620689655173,77.91708008504607,0.9381258565992721,62.96735395189003,1489.7575867171192,610.36541585581,219882.0,3634.0,81.17283950617285,69.49494310998736,0.9426573466018469,60.506879471656575,1226.802711059887,442.9256462956221
QAT,2177280.0,11567.32407963276,38.3031356555459,492.09725435020465,0.9721640858117788,188.22676575939113,9348.630176945924,5560.814371785662,2177274.0,11431.0,82.78443113772454,226.30433426878702,0.9499814465832769,190.47099991251858,5415.023486490737,3063.8748371098122,2069357.0,11312.0,94.76744186046511,191.23528324554107,0.9313989383053178,182.934671145686,3751.298736247064,2173.6740479354053
REU,802441.0,2499.833648979664,60.370134014039564,531.6604852195971,0.8934483480678027,320.9977593219155,6566.850537180217,2752.1678436248985,793061.0,2511.0,89.65517241379311,355.79228353521756,0.7781384299165226,315.8347272003186,2866.921060569129,1376.2270699056846,789175.0,2472.0,94.87179487179486,341.3386678200692,0.6375176283542789,319.2455501618123,1141.2627055062355,791.100412908904
ROU,21667799.0,236460.01009613276,69.44802451542934,131.90380100968798,0.908322629628699,91.63409487799211,4593.571224445273,1121.0268843231604,21667028.0,236731.0,92.31810907300259,98.98004138819478,0.7365969192007774,91.52594294790289,2402.4749481309723,427.23030177731044,21659189.0,236969.0,97.42540904716073,93.57072068569256,0.6442236808569126,91.4009385193844,1246.0760133124982,280.77400370803883
RUS,142073993.0,16785315.706914432,11.471845122254045,58.99177876121158,0.9907246860407359,8.464183544756025,6939.8750231264785,1565.9446441657142,142073247.0,16793953.0,25.756279126707877,27.854315281213932,0.9800641618317208,8.45978591222686,3684.500943700143,717.3102490521791,142073879.0,16790912.0,37.32145142338611,19.735194042626134,0.9717068740387104,8.46135570241807,2569.3498940078084,463.7034261939487
RWA,12648038.0,25263.022203862667,87.01180130524465,575.3859859054002,0.5933993809252398,500.65419322895343,2127.240909365649,1026.0716191880615,12647883.0,24868.0,92.77864992150707,542.2922865840586,0.46724284572441016,508.6007318642432,1215.7791990635922,761.7271089361132,12630071.0,25082.0,96.17647058823529,514.6728198859006,0.4404902933163865,503.551192089945,967.2139583978932,687.9927496947718
SAU,27676837.0,1912510.2932915092,9.051509352243036,159.37429581060815,0.9940213350735349,14.471470871075429,10074.564999243727,3655.546498992206,27676830.0,1912664.0,30.121052684628026,48.39190391847968,0.9860732437054085,14.470304245805849,6242.905341288403,1856.9729755373526,27676836.0,1912493.0,44.8534098151689,32.449662100370965,0.9798894746499102,14.471601203246234,4577.597360415624,1258.1970528539746
SDN,36118418.0,1870783.9372216463,47.97590215654742,39.761535900468644,0.9304217213437784,19.306568375629993,4436.965265525609,588.4176225881085,36118414.0,1873564.0,66.68006343551085,28.65669721029243,0.8867578673289029,19.277918448475738,2095.326964088916,256.3696129633943,36118371.0,1870892.0,74.7788750536711,25.657500255734128,0.8657279215560331,19.3054281059516,1454.782475774717,188.6079732228372
SEN,13829577.0,196412.05233198404,92.18707838640043,76.38434052453627,0.8987196524732592,70.41104064543177,8249.458373623866,1537.2568602914444,13828257.0,199316.0,99.56314131870366,69.61606657403492,0.8261627048617832,69.37855967408537,4499.112735376946,679.5152285843657,13825757.0,196535.0,99.9607996863975,70.34791435578576,0.791307416180288,70.34755641488793,3612.247502982359,514.0473692755116
SGP,5646857.0,675.1014284491539,98.22784810126582,8515.361033287445,0.6959281105807762,8364.457194190783,27114.1151898783,20829.92134633843,5646819.0,685.0,100.0,8243.531386861314,0.6623194301613439,8243.531386861314,14504.242211370272,12806.124282075265,5646185.0,660.0,100.0,8554.825757575758,0.5916121492399408,8554.825757575758,11748.969792190719,10607.78799312896
SGS,0.0,3823.3425158262253,0.0,,3.7295444494738064e-17,0.0,0.0,1.0,0.0,4021.0,0.0,,0.0,0.0,0.0,1.0,0.0,4065.0,0.0,,9.263122495497496e-17,0.0,0.0,1.0
SHN,7423.0,391.7203069925308,20.92130518234165,82.78805372339546,0.947990921578659,18.949745181685305,452.76210386810504,263.5000158216017,7423.0,408.0,32.55813953488372,41.46927374301676,0.885744808988486,18.193627450980394,111.86193710475425,77.39317784020582,7415.0,352.0,44.44444444444444,28.301526717557252,0.8952198993855912,21.06534090909091,74.40878373199527,55.69871991140739
SJM,1804.0,57748.04629950225,0.018386419331021624,159.57510086705702,0.999944307726451,0.03123915206834537,932.5400717170531,633.5474686583983,1804.0,59414.0,0.3127792672028597,12.10738255033557,0.9997194577226987,0.030363214057292896,336.5769216555803,181.4095311289791,1804.0,59367.0,1.05094813799406,3.256317689530686,0.9992604059625354,0.030387252177135445,120.30901476517917,73.29690098951158
SLB,474977.0,28019.034687519073,52.90235081374321,32.06151528683251,0.9041080774406801,16.951940182706434,1406.004239321933,232.00548187791836,474977.0,28431.0,84.57686529794692,20.698871312154093,0.7762341416343423,16.706306496429953,501.42578483881084,90.63676865048501,474977.0,28532.0,95.08928571428571,17.951434294568955,0.7215052586237319,16.647168091966915,355.86759166819945,63.94298176530788
SLE,5838313.0,72506.88000583649,91.28924328798423,88.20672987447739,0.9003756243055843,80.52081401833924,6167.917699605731,1148.7089971029077,5842010.0,72198.0,99.1123439667129,81.21347346178442,0.700156427840239,80.91650738247597,2889.2685808217084,383.650864544369,5828235.0,72599.0,99.57264957264957,80.28535416150095,0.6476203269319037,80.27982479097508,1714.967799752952,279.9523081871281
SLV,6111720.0,20403.28339844942,93.50755077950096,320.34696420022914,0.8670787819544369,299.54590546267025,6767.828921988454,2364.9307178851705,6111639.0,20623.0,99.16279069767442,297.24424882058264,0.7160054939956985,296.350627939679,2815.261074778947,969.7804022478778,6081719.0,20179.0,99.65277777777779,301.4034592130043,0.6602472685140293,301.3885227216413,1553.1852300480118,696.5629082737576
SMR,32868.0,59.184645652770996,100.0,555.3467396397454,0.6848695284194937,555.3467396397454,2056.43951590058,1335.638922399805,28273.0,44.0,100.0,642.5681818181819,0.2742988009723157,642.5681818181819,696.3512242647176,676.9967871754884,28273.0,44.0,100.0,642.5681818181819,0.0,642.5681818181819,642.5681818181819,642.5681818181819
SOM,10630390.0,633349.3523829579,74.79557498888121,22.41808635051568,0.8225778064968382,16.784401783949846,5232.3362432239965,288.21713147203724,10630384.0,627308.0,96.62980343254685,17.469214702532863,0.7482165844062852,16.946036077971268,2060.6149353740675,133.34005416689834,10626351.0,632104.0,98.90871742200538,16.921695553304925,0.717298525589103,16.81108013871135,1241.2894394974778,93.15776991296637
SPM,5509.0,216.37725186347961,16.216216216216218,156.8796150594953,0.9675513713452785,25.46016252889574,1284.9687707642813,669.3336673203123,5221.0,220.0,41.935483870967744,60.01149425287356,0.9369852513111178,23.73181818181818,324.57713046546127,237.5187026118214,706.0,191.0,88.88888888888889,3.8162162162162163,0.7557444120047955,3.696335078534031,15.745109775234525,11.666427313622352
SRB,7209851.0,77830.0417650938,82.96852708656824,111.82063629904839,0.900505036054144,92.6358361949841,3443.3280682548307,1022.2640270534224,7211093.0,77633.0,98.29300318889514,93.92012138735852,0.7793020192527262,92.88695528963198,1692.9169512808746,427.915319015882,7206363.0,77777.0,99.07010014306151,92.69945587157025,0.7043740402857949,92.6541651130797,931.3562345418936,282.61293027997044
SSD,12277247.0,627932.1767849326,78.47092597166491,24.90640770398124,0.8225672586867385,19.55186794672726,1975.9082459417277,200.82215732208203,12276889.0,622493.0,90.29306458029438,21.818210737706373,0.7652424679414699,19.722131815136876,689.8478928785747,100.81082079323313,12265069.0,627776.0,94.1038961038961,20.718686917316603,0.734252145747657,19.53733338005913,319.3984192498219,72.06735396541515
STP,181699.0,994.0643901824951,65.52020636285468,278.980150838994,0.904621348448715,182.78393411380807,4983.745857888875,1801.0536490374852,181723.0,998.0,92.1875,203.49720044792832,0.8251666856684016,182.0871743486974,2453.193310238657,943.799893122535,181516.0,1003.0,100.0,180.97308075772682,0.7643461051226474,180.97308075772682,1404.9415835013458,702.8424398620758
SUR,596838.0,146288.31621557474,14.26148978200444,28.618042974972656,0.9914356135097179,4.079874698403679,3254.835004907204,1039.697479641087,596810.0,144317.0,51.223998867977926,8.057378155798569,0.9790922058971324,4.135410242729547,1287.145863997915,431.4046895975296,596810.0,145997.0,68.51343938562809,5.963686871714931,0.97012323205117,4.087823722405255,904.8639928160937,283.4997493789021
SVK,5449091.0,48811.90385133028,80.53603473227207,138.53260804534733,0.8843682576973388,111.63446966946148,2624.4179382003836,900.4396080197664,5449091.0,48393.0,97.47044267253231,114.69838763997643,0.6954837862351663,112.60081003450912,867.5904160710049,324.02413089866553,5421880.0,48556.0,99.25768822905621,111.82823199405989,0.6016017445128329,111.66241041271934,503.2001313474218,223.64763690147848
SVN,1954069.0,19881.38637393713,79.85671641791045,123.09966995606318,0.8532291397682487,98.28635504823872,2053.1498152899285,680.5834762700978,1953393.0,20053.0,98.21428571428571,98.23943874471938,0.7135710859612894,97.41150949982546,880.8252156611251,297.7439852302175,1953388.0,19849.0,99.74489795918367,98.4173720274083,0.6478375739135016,98.41241372361328,544.3705903366748,219.92373178047916
SWE,9679241.0,446064.57434892654,16.847689718884943,114.63040722793201,0.9787047485154112,21.699192351528403,2151.6553214056585,840.9686904778958,9674784.0,446578.0,41.0907001000447,48.89168292214552,0.9536878987959243,21.66426469732051,1392.9099656399749,437.38099747960655,9643852.0,446430.0,56.615818272259986,36.0964483154857,0.9279770274845062,21.60215935309007,1004.2100637135711,290.9475191355358
SWZ,1436923.0,17340.511369287968,92.53948645548398,89.55142530980487,0.7947295022144532,82.86508796649188,2856.228907763889,471.36897399503573,1433602.0,17165.0,99.78991596638656,83.54324009324009,0.6184981954134543,83.51890474803379,809.3743799643134,212.93266450628693,1433602.0,17260.0,100.0,83.05921205098494,0.5386996924586531,83.05921205098494,365.703756051117,151.34680416710816
SXM,37497.0,36.58711391687393,97.77777777777777,1048.1637766169747,0.6449867099705102,1024.8690313533157,3164.699611014617,2185.08820847257,36773.0,35.0,100.0,1050.6571428571428,0.4970857241232482,1050.6571428571428,1430.7691438719116,1275.9467636162963,division by zero,,,,,,,
SYC,84692.0,427.6521757245064,57.936507936507944,340.8208288592837,0.8722882124565483,198.0394460907843,1734.8520551308702,1153.8019575856179,84692.0,461.0,71.42857142857143,274.97402597402595,0.8701191359683317,183.71366594360086,752.577088320848,560.8778062677906,84692.0,461.0,80.55555555555556,253.5688622754491,0.8847995612485142,183.71366594360086,537.079884069434,456.32644117083356
SYR,16942877.0,186321.3110769987,48.52934540641357,187.97262942958565,0.9388972085907541,90.93365059565423,9161.98050020068,2076.6852064892473,16942877.0,186138.0,88.88583973655324,102.4841037490473,0.8728132563453321,91.02320321481912,4215.949270931118,937.2992678423377,16942877.0,186391.0,97.51420454545455,93.04569668079871,0.8475629165244262,90.89965180722245,2535.9658588387783,663.4969292360948
TCA,47235.0,964.2240185141563,22.652388797364086,216.23086701112896,0.9595013620353678,48.987578708926875,2203.155131273225,1023.5639071544223,47235.0,983.0,57.57575757575758,87.79739776951673,0.881539005838207,48.05188199389624,704.8768460983277,377.1756193562442,44254.0,967.0,69.23076923076923,64.88856304985337,0.8003216860467899,45.76421923474664,599.7508136898989,276.7677044344466
TCD,11658272.0,1269008.5704004169,47.59127361731586,19.051580866335748,0.9191068809293107,9.186913525983048,5171.900967306538,275.08482570240835,11658088.0,1269297.0,72.5710339067444,12.558264391589107,0.8684790574720653,9.184680969071856,1575.6820108541026,100.15587528195135,11658091.0,1267780.0,82.11769186821559,11.120546045264028,0.8460233082967756,9.195673539573113,777.7077482837494,70.21321254900427
TGO,7468641.0,56990.74917048216,98.89516691136124,132.51307474459406,0.8068838052480884,131.05005827627048,8627.096513664794,1192.0311053470589,7254236.0,56639.0,99.96512033484478,128.0852461332015,0.7094436087248722,128.07846183724996,3787.4311169775738,562.2963366102207,7254238.0,56980.0,100.0,127.31200421200421,0.6681509901210665,127.31200421200421,2389.2486921427017,416.7361292066069
THA,67866155.0,512937.0869407058,84.43445935959801,156.60211360033733,0.8435360631545151,132.30892584658272,4859.346197415234,1038.5126708888877,67866344.0,513835.0,96.41150169596054,136.45864800739938,0.7119869036235432,132.0780873237518,2457.243540029661,481.70630243902536,67865223.0,513637.0,98.48911272404088,133.31347273923762,0.6671601147773886,132.12681913491434,2021.320973686447,400.7801962537158
TJK,8174042.0,141551.1963546872,26.035690468195,222.054103800705,0.9719500147422385,57.74618802597871,4236.261842390895,1820.8321376062465,8177413.0,142975.0,63.331463825014026,90.22356705466983,0.9290572298968695,57.19470536807134,2154.1933298449726,717.3329861653933,8170206.0,141493.0,79.61783439490446,71.2118433553268,0.9029876819852571,57.74282826712275,1505.255531108203,505.38898463206414
TKL,305.0,2.5317077040672302,66.66666666666666,180.71439784297598,0.5311475404611663,120.47204324180571,244.35984401745668,218.14452373387962,305.0,3.0,100.0,101.66666666666667,0.2967213112808385,101.66666666666667,199.9049180327869,159.89151155826647,305.0,7.0,66.66666666666666,101.66666666666667,0.5311475404611663,43.57142857142857,199.9049180327869,159.89151155826647
TKM,5205825.0,470510.49368458986,15.147615741916551,72.01715868079843,0.9866190528209597,11.064205942003417,2715.198878639372,978.4779691074849,5205827.0,472364.0,39.003992290748904,28.034136438049284,0.9687062831646329,11.020795403544724,1328.4572396815186,371.11416718506035,5205827.0,474069.0,60.13667425968109,18.12102784381842,0.9547521741979276,10.981158860840932,804.7226637923804,237.54628557127464
TLS,1217617.0,14830.307038486004,88.85281385281385,92.40438015875972,0.7958449091575153,82.10329002900428,2742.195759100895,468.60145168355336,1217699.0,14841.0,98.75466998754669,82.31589265192997,0.6604378344787928,82.04965972643353,901.8079723642111,229.63227335711758,1213499.0,14867.0,98.70689655172413,81.65661799340556,0.6175589285422171,81.62366314656622,468.36853957395914,171.53577205795298
TON,98784.0,712.7001138925552,67.41826381059752,206.12457870777317,0.8737060688554502,138.60528162465314,3587.737430735425,1143.717576639478,98784.0,755.0,78.76106194690266,151.74193548387098,0.8352126458562239,130.83973509933776,844.8915057435717,391.87803614868693,98417.0,741.0,83.05084745762711,149.79756468797564,0.8281434084113763,132.81646423751687,549.222717065981,298.0144427412116
TTO,1214045.0,5143.021045684814,89.65348152991174,263.27499173466845,0.891071209223831,236.05678242725233,3740.8198268429146,1858.0522787379482,1213390.0,5140.0,97.68211920529801,242.04867344903252,0.7960146901463029,236.068093385214,1378.2425060571247,835.4085225178106,1199313.0,4841.0,100.0,247.74075604214005,0.7326485558766884,247.74075604214005,991.4392889660483,653.850596308161
TUN,10939967.0,154334.13161593676,51.36716330248288,139.98771344624208,0.9221144943668529,70.88494868539063,4728.050078072449,1300.1014291708796,10939876.0,154130.0,65.30296329057938,109.7433541319744,0.8664015028707628,70.97823914877051,2143.789460315927,634.8319755962424,10939651.0,154216.0,72.29529062367416,98.68165581193959,0.8310373519248648,70.93719847486642,1523.3844037913018,458.89805060775586
TUR,83432937.0,777290.262783587,87.50408165009787,122.72282573692684,0.9096808370296052,107.33819911909714,10253.204359310022,2055.455202853566,83432954.0,777506.0,98.60022981301577,108.64175143626524,0.8209028948155093,107.30843749115762,5912.196464083074,1000.7367385840266,83432636.0,777578.0,99.35468060774383,107.7928499539411,0.7640766709913493,107.29809228141742,4105.632201344128,696.6702532939901
TUV,6191.0,32.21571224927902,78.94736842105263,243.36831256354728,0.773682509790444,192.17330823218265,967.3722436349201,641.8567921562047,6152.0,34.0,77.77777777777779,219.71428571428572,0.6519469727900314,180.94117647058823,497.14618010403126,388.27878837016584,6152.0,32.0,75.0,236.6153846153846,0.6791490570405334,192.25,533.2485316428263,428.7395049959176
TWN,23313556.0,36305.171087265015,54.20206114440948,1185.3540070159163,0.8917909443236737,642.155244054967,10253.152996169732,4978.433604428994,23313555.0,36587.0,78.07276302851524,832.0326552462527,0.8465925276338171,637.2087080110422,6967.8196358306495,3363.449459799528,23313516.0,36382.0,89.36170212765957,730.6479879654005,0.8261969548259178,640.7980869660821,5435.626438685481,2760.264529366675
TZA,50966932.0,905669.3807803988,90.23924036756046,62.35576192112245,0.8111626005509815,56.275427966972586,5768.307968934974,444.3555756782099,50965505.0,902401.0,96.54673616054004,58.32848459600786,0.7405388606807023,56.47766901854054,3243.872119845866,259.0756458324116,50965502.0,913957.0,97.58319054919289,56.91245517902149,0.7053807045388891,55.7635665572888,2060.2761435331604,204.75603068842307
UGA,37080512.0,213433.70836007595,93.57711504516872,185.6584364220165,0.7717659185961728,173.7331571704825,3703.9660050760713,780.1001659118682,37079807.0,213889.0,97.56754158254014,177.16189279451885,0.6452049042635942,173.36004656620958,1386.9140135387922,424.06568909007075,37062496.0,219040.0,98.1419546636938,171.56656667777654,0.602785169275819,169.20423666910153,874.9848945092396,351.41327589226006
UKR,44389433.0,596907.9606638551,72.13503967190138,103.24152409091695,0.9163449666384174,74.36562405807422,4499.518483362429,1144.6766574763328,44385388.0,597464.0,96.49473176778459,76.68558752032233,0.8120204275263979,74.28964422961049,2335.648544271599,539.802462840606,44377994.0,597621.0,98.80952380952381,74.8266987254606,0.7471995427463609,74.25775533322958,1595.2078431989803,375.0353102080096
UMI,25.0,27.698850393295288,14.705882352941178,6.632651568626214,0.852941060470604,0.9025645340880802,6.6326515782033955,6.632651573414782,25.0,37.0,15.384615384615385,5.0,0.8923076459076947,0.6756756756756757,5.833333333333334,5.47917276505742,25.0,22.0,22.22222222222222,4.166666666666667,0.8444444140444454,1.1363636363636365,4.5,4.3527528164806215
URY,3306449.0,176885.18430751562,60.032361801690456,31.15007836011254,0.9604646229394552,18.69262828848189,5418.314251473785,1937.8104590272662,3305686.0,177160.0,94.97223324077747,19.524342777492308,0.9422246247629184,18.659324904041544,3591.7034316064182,1021.6618933136468,3274458.0,176943.0,98.02784222737819,18.664154901077854,0.9281337594438829,18.505722181719538,2939.137231980569,669.7812474415061
USA,320549383.0,9265607.704451472,21.839576189122788,139.47899032464738,0.9732888047240037,34.59561350152981,3059.933442580445,1034.718894413771,320548736.0,9283072.0,50.82294047500745,60.51681545309725,0.9521014385647919,34.5304588825768,1821.2077059710514,610.2013805990072,320549351.0,9300276.0,62.20315330754541,49.67040524190799,0.9382721119009647,34.466649269333516,1425.4255299137078,476.8804030812277
UZB,29339143.0,445527.23036152124,31.95083825137082,201.86867295922724,0.963305103057416,65.85263705698274,3271.159585082414,1508.4412493681032,29339038.0,445717.0,50.9892180466869,127.47401990814966,0.9310677301528558,65.82436389009169,1920.4465291903778,794.9613631935727,29266736.0,445425.0,61.942826175315005,104.99804833247231,0.9139877332540739,65.70519391592299,1338.364987057173,606.089025354471
VAT,"pop_temp.tif, band 1: Access window out of range in RasterIO().  Requested
(0,0) of size 2056x1006 on raster of 1x1.",,,,,,,,division by zero,,,,,,,,division by zero,,,,,,,
VCT,92843.0,389.5330854654312,87.17948717948718,273.38582742408295,0.8345949287451715,238.3443241774113,2366.0862609954074,1178.2106141955123,83855.0,385.0,94.44444444444444,218.9425587467363,0.707307919062778,217.80519480519482,853.829029400716,479.3113078597067,82358.0,376.0,93.33333333333333,219.62133333333333,0.740934294975051,219.0372340425532,452.981424489915,349.3104445241914
VEN,29111581.0,911654.0082678199,42.60753087980487,75.1710588634981,0.9809072981787732,31.932707733401184,10516.579332063908,3705.0331591587055,29111576.0,904344.0,64.5133427285539,49.71960752499936,0.963167505666844,32.19082119193581,5018.126502522142,1534.6066818593024,29111581.0,911768.0,72.53596164091636,43.85172414831953,0.9496127049424476,31.928715418834617,2972.04408849815,930.2225710237428
VGB,31157.0,155.69436037540436,69.79166666666666,286.6896042561291,0.8202325114501247,200.1164327652936,2195.6113032809485,986.1083429415412,31157.0,161.0,81.25,224.15107913669064,0.8439044595853102,193.52173913043478,591.0357033966282,444.46151186661604,31157.0,162.0,85.71428571428571,199.72435897435898,0.780514812045681,192.32716049382717,444.9309447180074,359.5484056778662
VIR,98212.0,352.9972152709961,92.85714285714286,299.61927200899805,0.7457379415364594,278.22315800594237,1357.450487365688,836.2834803249943,93694.0,331.0,94.73684210526315,285.6524390243902,0.712949096301468,283.0634441087613,606.2689498775212,467.9747982014124,63663.0,222.0,100.0,286.77027027027026,0.6699459533779165,286.77027027027026,551.0542740093649,461.6994026474996
VNM,94232040.0,327471.805672884,88.81314516531192,324.1557528709506,0.892881595538589,287.7561926480158,8394.299957558276,2671.9863394091058,94231816.0,330185.0,98.9247311827957,287.2308226902795,0.7708125644219113,285.39096567076035,3678.5733064282254,1079.0629355703074,94221185.0,328902.0,99.17777777777778,286.8093846551908,0.7361052111004297,286.47191260618666,2892.679971068398,889.3394850745985
VUT,232072.0,12018.74567747116,62.937922556853096,30.686104414064808,0.903243559521512,19.309169711030094,749.4406544068042,236.0146770866269,231867.0,12349.0,90.05649717514125,21.161540567673633,0.7758831641684656,18.776176208599885,302.1061677415399,88.23002337698485,231867.0,12277.0,97.09677419354838,19.437253751362228,0.7135500648264124,18.886291439276697,126.32209033614993,56.449973596189324
WLF,13146.0,145.32847142219543,68.0,132.96236431271282,0.788254981454856,90.45715455032484,993.9312902389524,402.61479668170233,13146.0,149.0,85.71428571428571,91.93006993006993,0.7138437908634871,88.22818791946308,385.2602489223852,184.09770829895433,10003.0,144.0,85.71428571428571,70.44366197183099,0.6614587051992811,69.46527777777777,91.73196804210193,84.24327765965903
WSM,175361.0,2849.349208652973,49.810550859807634,123.58463551482731,0.9079623415856127,61.544228930402575,1139.908818123858,559.8729676273275,175357.0,2875.0,82.12290502793296,78.17967008470798,0.7669866639666413,60.99373913043478,548.3580337628534,272.99827929766576,165081.0,2763.0,94.23076923076923,65.66467780429595,0.6911000100898168,59.74701411509229,477.6464822647501,212.23313368204535
XAD,20160.0,231.76735639572144,87.57575757575758,99.35253609881902,0.7395710064854003,86.98377680754426,509.5844694090855,274.25214114141215,19783.0,222.0,93.33333333333333,90.33333333333333,0.5942020926157505,89.11261261261261,143.7568050877403,120.51229580030876,15253.0,168.0,100.0,90.79166666666667,0.5421310561572343,90.79166666666667,107.4899145960139,101.59464406809079
XCA,324398.0,2513.2873586416245,54.11619283065513,238.8704866707076,0.9661771476501738,129.07318332883744,8486.699426348865,3699.668877255616,323778.0,8594.0,54.72154963680388,68.61157024793388,0.9646900542507756,37.67488945776123,3250.261175165876,1284.1199624036685,323778.0,15093.0,60.30150753768844,35.20091324200913,0.9575935784093716,21.45219638242894,1253.1543817848287,557.3813752730418
XCL,0.0,4.205480992794037,0.0,,0.0,0.0,0.0,1.0,division by zero,,,,,,,,division by zero,,,,,,,
XKO,1867044.0,10872.601763486862,88.19299466481095,194.70153383515563,0.8611178454589453,171.72007589480918,3944.6940857819864,1266.6477933090925,1867042.0,11019.0,99.08735332464146,170.19525979945305,0.7099463387965108,169.43842453943188,1243.2283594147311,485.90870300257166,1866525.0,10822.0,100.0,172.47505082239883,0.6578757049721196,172.47505082239883,513.7511138168619,325.9376406447496
XNC,316285.0,3294.625082075596,94.04156064461408,102.07762253297517,0.8529424858718496,96.00030113312383,1546.444701338817,622.4573550753496,316347.0,3248.0,99.2156862745098,97.48751926040062,0.7145421659444043,97.39747536945812,800.2392835692301,298.6726863174007,315688.0,3289.0,98.7012987012987,96.01216545012166,0.6470804479820265,95.98297354819094,446.96550052356275,213.75911889483996
XPI,division by zero,,,,,,,,division by zero,,,,,,,,division by zero,,,,,,,
XSP,division by zero,,,,,,,,division by zero,,,,,,,,division by zero,,,,,,,
YEM,26687820.0,451683.05471771955,38.14900350697118,154.218538010237,0.9542133490552367,59.085280533002546,8137.98571722233,1463.1423112341251,26687821.0,453356.0,61.50355871886121,94.79935990110792,0.9053393606607298,58.86725001985195,3161.7923717601084,625.5840923766261,26687746.0,451800.0,72.03816131830008,81.34920625243855,0.8876511494588231,59.06982293050022,2285.1623988539504,495.44689566022294
ZAF,53661968.0,1216161.793820262,57.01819495614089,76.94988573134678,0.9398244248799922,44.12403700944643,5476.646368474585,1200.8812027787524,53662026.0,1216767.0,82.85385151726437,53.06640862954202,0.896702889928932,44.10213787849276,2820.172111590892,618.045371142639,53658807.0,1216794.0,93.83659818442428,46.81027633158394,0.8731962202914275,44.098513799377706,2114.9374397956985,461.38656949279937
ZMB,15078916.0,750094.1892078519,77.9102698859074,25.803083546960185,0.8501105436810075,20.102696723893185,5746.472353974009,331.8024044033545,15078918.0,754585.0,96.86060771222238,20.59201933712975,0.7806114932718584,19.983060887772748,2532.111824724602,172.24688772187784,15078582.0,749867.0,98.5445205479452,20.341359572737318,0.7484255529894365,20.10834187929326,2059.958753168981,132.9930212506057
ZWE,14224958.0,390264.9969804287,94.47632459074107,38.58638638642124,0.7598966954454418,36.449484606771854,2356.5928823983627,257.5234685427397,14224668.0,387263.0,98.92062522274834,37.03877640294963,0.662449944432231,36.73128597361483,1213.4495249171057,152.0338724038699,14217951.0,389903.0,99.09819639278558,36.65506786805368,0.6287844409809631,36.465354203481375,777.3734628615205,120.1613667439486
